contrast,n,s_a,s_b,s_b_lo,s_b_hi,lam_star_bounded,lam_star,ci_lo,ci_hi,hdi_lo,hdi_hi,p_cross_in_01,lam0,lam0_lo,lam0_hi,lam1,lam1_lo,lam1_hi,model,per
dortmund-cross ec_pre,573,-0.027848208461005115,-0.008663791567481753,-0.012136803921773052,-0.005046859432528736,True,3.2143211484368117,2.3622755541704934,4.692402573741535,2.3306611570681253,4.507427437875299,0.0,-0.027848208461005115,-0.037082975512718996,-0.018876923651103578,-0.019184416893523362,-0.026546813615677567,-0.012247654742610773,fixed,year
dortmund-cross eo_pre,454,-0.03336427993306331,-0.002741096622567627,-0.005880808262618989,0.0004875116249524033,False,12.1718729862979,-69.4175432668421,79.06401966002996,4.167625732737763,114.7783661167493,0.0,-0.03336427993306331,-0.04280603817049946,-0.02372200157153935,-0.030623183310495683,-0.039535402740521246,-0.02201028864004646,fixed,year
dortmund-long ec_pre (ses2 - ses1),191,-0.0894438330998468,-0.05436294832589504,-0.10438850303657299,-0.004477731214902654,True,1.6453087232070056,-1.4764131782402932,7.792139322712162,-2.5049268350985967,6.2738509028922715,0.182,-0.0894438330998468,-0.21432953026425,0.05144106011360521,-0.035080884773951757,-0.16158418565279917,0.10418471940004624,fixed,5 years
lemon-group ec (older - younger),209,-0.9413442856231903,-0.29251582914015006,-0.5026038613564385,-0.06880053222243399,True,3.2180969091152116,1.9873910842097369,7.789581254091271,1.650034213340451,6.019113157875471,0.0,-0.9413442856231903,-1.4571681742179035,-0.4682700403268109,-0.6488284564830402,-1.0125328578849089,-0.2983354122280249,fixed,group
lemon-group eo (older - younger),183,-1.1045026680082277,-0.035190573152504734,-0.19943039657491693,0.14065629753932374,False,31.386322218216367,-246.88979545039797,174.67852466299334,-194.90215725861324,191.57211038193694,0.0,-1.1045026680082277,-1.5851210144625663,-0.6012163696297991,-1.0693120948557229,-1.4876555371658846,-0.6308599225543319,fixed,group
dortmund-cross ec_pre,544,-0.025061205877748866,-0.013239941078468348,-0.017170849234452657,-0.009389623963131167,True,1.8928487467746384,1.3268423816284152,2.5876404725260578,1.3200501963738578,2.476829306178681,0.0005,-0.025061205877748866,-0.03435317771222378,-0.01566106489492549,-0.011821264799280518,-0.01945090999157723,-0.004030083350242692,knee_plateau,year
dortmund-cross eo_pre,347,-0.025991515112574973,-0.0075801365784282666,-0.012177257473609857,-0.0030467213536410063,True,3.42889799460108,2.140430969369458,7.202236784693844,1.928108169207098,6.364195817836414,0.0005,-0.025991515112574973,-0.03731034365843801,-0.015108510442085268,-0.018411378534146705,-0.027847439689760597,-0.00940303901394646,knee_plateau,year
dortmund-long ec_pre (ses2 - ses1),175,-0.0995484151035703,-0.07589509586223452,-0.12683916869180273,-0.024347311444472535,True,1.3116580718768907,-0.5444798274344296,4.08713591462334,-0.6868062989660902,3.5381968895935207,0.269,-0.0995484151035703,-0.21949075822780906,0.026827021032120285,-0.02365331924133579,-0.1373881086057917,0.1037456892098269,knee_plateau,5 years
lemon-group ec (older - younger),203,-0.8106864438133,-0.5668763922247266,-0.7808759608167951,-0.3439697913184987,True,1.430093852791668,0.7418699580321437,2.0939190577008038,0.7753313932885294,2.055502235391937,0.101,-0.8106864438133,-1.3047870531426249,-0.3114495641756745,-0.24381005158857338,-0.6194140621823918,0.11962098417651987,knee_plateau,group
lemon-group eo (older - younger),147,-1.2541229044719486,-0.060555117834341754,-0.31885259555313367,0.21273659088201996,False,20.710436199675197,-108.34424959362455,123.16326573744642,-97.10881259626625,133.377441644118,0.0,-1.2541229044719486,-1.8893834727518433,-0.6010519124105227,-1.1935677866376069,-1.751208072536003,-0.6428783818191932,knee_plateau,group
