study,cond,predictor,measure,est,lo,hi,p,n
dortmund,ec_pre,age,total alpha (ln),-0.025141985299311383,-0.03212707405892592,-0.01815689653969685,1.7303048906519616e-12,593
dortmund,ec_pre,age,specparam flattened alpha (log10),-0.006360277127136411,-0.008197542212248995,-0.004523012042023827,1.16055661624594e-11,593
dortmund,ec_pre,age,specparam alpha peak power (log10),-0.007472474714256915,-0.01040581533943074,-0.00453913408908309,5.948934612175827e-07,591
dortmund,ec_pre,age,"high alpha 10-13 Hz, lambda = 0 (ln)",-0.03940484884216134,-0.04777833861906193,-0.03103135906526075,2.878132570749904e-20,568
dortmund,ec_pre,age,"high alpha 10-13 Hz, lambda = 1 (ln)",-0.02919791713315445,-0.03616284489719439,-0.022232989369114515,2.096445864366388e-16,568
lemon,ec,older,total alpha (ln),-0.7151406645178733,-1.1007179050111375,-0.3295634240246089,0.00027776628630306593,211
lemon,ec,older,specparam flattened alpha (log10),-0.1956244450514054,-0.2862299890169895,-0.10501890108582129,2.3191584805754212e-05,211
lemon,ec,older,specparam alpha peak power (log10),-0.2364763316612087,-0.39112135538498743,-0.08183130793742999,0.0027257000400283983,211
lemon,ec,older,"high alpha 10-13 Hz, lambda = 0 (ln)",-1.0072338142901802,-1.4331058901433977,-0.5813617384369627,3.5602725075535847e-06,207
lemon,ec,older,"high alpha 10-13 Hz, lambda = 1 (ln)",-0.8132783256977835,-1.1321103209149879,-0.4944463304805792,5.748322289841987e-07,207
dortmund,ec_pre,session 2 - 1,sp_peak,-0.037859523493489755,-0.08251658093890697,0.006797533951927462,0.09818036502207342,197
dortmund,ec_pre,session 2 - 1,flat_alpha,-0.018944811660012613,-0.04486219066648426,0.006972567346459034,0.15353658537293047,197
dortmund,ec_pre,session 2 - 1,tot,-0.1024115753638176,-0.18522427918180692,-0.01959887154582829,0.01626432857224828,197
dortmund,ec_pre,session 2 - 1,iaf,-0.11928934010152284,-0.23734046319959823,-0.0012382170034474504,0.04903965337174058,197
dortmund,ec_pre,session 2 - 1,exponent,-0.07580146345234333,-0.11420701204996528,-0.03739591485472138,0.00014900218010924874,197
