baseline,band,window,n,n_total,total_dB,total_p,brake_dB,brake_p,s_a,s_b,s_b_lo,s_b_hi,lam_star_bounded,lam_star,hdi_lo,hdi_hi,lam0,lam0_lo,lam0_hi,lam1,lam1_lo,lam1_hi,p_cross_in_01
first 60 s,delta,pre-LOC,14,14,3.8482255972105404,0.02750658741301467,-0.6685698741220104,0.3265942358401031,0.8113343508798215,1.0316130066989668,0.5098208388046689,1.5609826547156953,True,0.7864716183406706,0.3022992427961416,1.259118344803601,0.8113343508798215,0.08999267051157435,1.5911728768069122,-0.2202786558191453,-0.6415293921491386,0.19912278775886721,0.8465
first 60 s,delta,post-LOC,14,14,10.834938162761507,9.575158029701956e-08,3.5780374355049207,0.0003635729097750529,2.7062104673326943,1.47529467335148,1.267037567558058,1.7060886635179087,True,1.8343524966337055,1.507787279973968,2.1477192601211765,2.7062104673326943,2.181119826864762,3.197188994983558,1.2309157939812143,0.7595630394280685,1.6807758792021312,0.0
first 60 s,alpha,pre-LOC,13,14,4.898302339749797,0.0011862847035339571,3.070094203500414,0.004807421573582125,1.4234308660346824,0.5221883991209576,0.2534288069924083,0.7491572351056832,True,2.725895229443741,1.0233939879167435,5.077763120550614,1.4234308660346824,0.6874089322434039,2.212779731705575,0.9012424669137248,0.15578722335903875,1.6490114478883136,0.012
first 60 s,alpha,post-LOC,13,14,4.586208710916737,0.00027810704607058787,4.726137184552907,0.0011576478459573312,1.3910638459865008,0.16353531654869463,-0.06947932232368628,0.39491013504906647,False,8.506198387871127,-66.94752260257904,73.72682930005932,1.3910638459865008,0.6854282248137693,2.1718365138029907,1.2275285294378062,0.3766622421118382,2.1342819499902514,0.006
first 60 s,beta,pre-LOC,14,14,5.180893613505058,1.1487999842682628e-05,3.28638326961061,1.2161974767470111e-05,1.9620723328501957,0.28130462503898146,0.049046444813253126,0.4981937618367854,True,6.974902501437024,3.1195980573567232,17.917449321116763,1.9620723328501957,1.4645594446957835,2.529167515029788,1.6807677078112142,1.2102023769279169,2.2229181525429786,0.0
first 60 s,beta,post-LOC,14,14,2.7271527739012362,0.006115181656179211,3.852834847517871,0.00014457620831772442,1.4250851442879036,-0.41396466547557426,-0.7171652733687748,-0.10011691727095517,True,-3.442528464719871,-10.393942414599088,-1.0683276495788714,1.4250851442879036,0.8302030182332487,2.146258578367714,1.8390498097634778,1.1808465413350562,2.572344451994043,0.0
pre-infusion,delta,pre-LOC,14,14,4.871126614630702,0.004210691027708768,-0.6159957806718293,0.4171654045555134,1.1540137637138512,1.2023012744702155,0.7442077499750177,1.653984550409099,True,0.9598374286198426,0.5425820193132992,1.3820408081851385,1.1540137637138512,0.4976888500326444,1.868370215216025,-0.04828751075636428,-0.561040288078108,0.431674717409153,0.5595
pre-infusion,delta,post-LOC,14,14,11.857839180181669,3.051478748954815e-08,3.630611528955101,0.0019922325160389295,3.0488898801667244,1.6459829411227285,1.4106527934179898,1.8758608316740126,True,1.852321675999309,1.4384560921654859,2.2530718879871117,3.0488898801667244,2.511039604061563,3.5597886742714366,1.4029069390439959,0.8167093768235374,1.9580518503825264,0.0
pre-infusion,alpha,pre-LOC,14,14,5.056622740293257,0.0007536469791778556,2.7338161399949956,0.01573892771275682,1.4981853764517041,0.6194309468958454,0.4216710253216965,0.7914078596974422,True,2.418647928327703,1.157638166210084,3.9042887617478987,1.4981853764517041,0.7979513955742699,2.271540134121711,0.8787544295558587,0.15958005712327036,1.648576249526125,0.0095
pre-infusion,alpha,post-LOC,14,14,4.744529111460196,0.0003020126386375012,4.3898591210474915,0.004082483750213364,1.4439303197449698,0.26980596593312045,0.024090328742903074,0.508994064002127,True,5.351736069849884,0.6231113636064904,27.149357738410846,1.4439303197449698,0.7507444590469592,2.1788653993638842,1.1741243538118493,0.3077831438153206,2.093667744175173,0.005
pre-infusion,beta,pre-LOC,14,14,5.069112057048659,8.694669235026749e-06,3.0123313843116435,5.78580615598835e-05,1.8421753607008198,0.30468166918179057,0.07915167806547647,0.5160812737518528,True,6.046229711317723,2.693218747928815,13.63098732136366,1.8421753607008198,1.341204068766951,2.3842843562592972,1.5374936915190291,1.0428708186757927,2.0897916120544338,0.0
pre-infusion,beta,post-LOC,14,14,2.6153712174448365,0.007141833652960129,3.5787829622189054,0.0005978724987642781,1.3051881721385277,-0.3905876213327651,-0.737651595781383,-0.05333832702400302,True,-3.3416014764752604,-11.208166782127162,-0.8278907195651969,1.3051881721385277,0.7296161743170452,1.936370929776474,1.6957757934712927,1.0221514968757723,2.451791157411638,0.0
