domain,claim,source,dataset,n,lam0,lam0_lo,lam0_hi,lam1,lam1_lo,lam1_hi,s_b_lo,s_b_hi,lam_star_bounded,lam_star,hdi_lo,hdi_hi,p_cross_in_01,unit,verdict
development,"alpha changes with age, eyes closed",Tröndle et al. 2022,"HBN, 5-22 y",2350,-0.0511773713517417,-0.0677853057636734,-0.03456943693981,0.0473132782131304,0.0338563309119155,0.0607702255143453,-0.10822405801169405,-0.0885691690408343,True,0.5196165481478848,0.3824243701530871,0.6616954819860558,1.0,ln per year,reverses
development,"alpha changes with age, eyes open",Tröndle et al. 2022,"HBN, 5-22 y",2110,-0.1067991427613577,-0.1249862215140767,-0.0886120640086387,-0.0017342316328418,-0.0184441389854675,0.0149756757197838,-0.114606342655656,-0.09514273796222707,True,1.0165062875341944,0.8522896228255584,1.164853491342252,0.405,ln per year,depends on lambda
adult aging,"alpha falls with adult age, eyes closed",Politanskaia et al. 2026; Yang et al. 2025,"Dortmund, 20-70 y",573,-0.0278482084610051,-0.0370829755127189,-0.0188769236511035,-0.0191844168935233,-0.0265468136156775,-0.0122476547426107,-0.012136803921773,-0.0050468594325287,True,3.214321148436812,2.3306611570681253,4.507427437875299,0.0,ln per year,holds under both
adult aging,"alpha falls with adult age, eyes open",,"Dortmund, 20-70 y",454,-0.0333642799330633,-0.0428060381704994,-0.0237220015715393,-0.0306231833104956,-0.0395354027405212,-0.0220102886400464,-0.0058808082626189,0.0004875116249524,False,12.1718729862979,,,0.0,ln per year,holds under both
adult aging,"alpha lower in older adults, eyes closed",Tröndle et al. 2023; Wilson et al. 2022,"LEMON, 20-35 vs 59-77 y",209,-0.9413442856231904,-1.4571681742179037,-0.4682700403268109,-0.6488284564830402,-1.0125328578849089,-0.2983354122280249,-0.5026038613564385,-0.0688005322224339,True,3.218096909115212,1.650034213340451,6.019113157875471,0.0,ln,holds under both
anaesthesia,frontal alpha falls with age under propofol,Purdon et al. 2015; Boncompte et al. 2024,"VitalDB, 18-94 y",2945,-0.256807683445057,-0.2794348670426096,-0.2345212147719289,-0.2145406670488425,-0.2311897866244685,-0.1980875323398884,-0.0570350662802336,-0.0270817097721329,True,6.075841290469158,4.356642660850524,8.417137946732986,0.0,ln per decade,holds under both
anaesthesia,frontal alpha falls with age under sevoflurane,Purdon et al. 2015; Boncompte et al. 2024,"VitalDB, 18-94 y",1331,-0.1745192041480329,-0.2147242906498984,-0.1347554801717815,-0.198995501954882,-0.2356492243793095,-0.1646381787376887,-0.0018491942142367,0.0508107550024959,False,-7.130130770806287,,,0.0,ln per decade,holds under both
sedation,alpha shifts frontally in drowsy participants,Chennu et al. 2016,"propofol, baseline vs moderate",7,1.2049012569116622,0.8857809064158177,1.5469824067493838,0.7281700821674958,0.4910900102317129,0.9288893348229592,0.2793603093999022,0.6936850529899501,True,2.527422834385148,1.8961215642557976,3.373714951241152,0.0,ln,holds under both
sedation,frontal alpha rises with propofol sedation,Chennu et al. 2016,"propofol, baseline vs moderate",19,0.372313811443233,-0.1317057712357732,0.9112834949321628,-0.425825257701485,-1.001561425690054,0.1173323422159866,0.6200513865078788,0.9932507726340036,True,0.4664773669608765,-0.17112646190371,1.197464529732506,0.856,ln,null under both
sedation,posterior alpha falls with propofol sedation,Chennu et al. 2016,"propofol, baseline vs moderate",20,-0.314132611934813,-0.6595354489034669,0.0553122936153401,-0.6834203921490558,-1.0175042312197236,-0.3608744638791924,0.2134526234236124,0.526809668846026,True,-0.8506444804444071,-2.353430006107633,0.2920739460248861,0.051,ln,depends on lambda
anaesthesia,delta does not rise before loss of consciousness,Brake et al. 2024,"propofol induction, Cz",14,1.1540137637138512,0.4976888500326444,1.868370215216025,-0.0482875107563642,-0.561040288078108,0.431674717409153,0.7442077499750177,1.653984550409099,True,0.9598374286198426,0.5425820193132992,1.3820408081851383,0.5595,ln,depends on lambda
anaesthesia,alpha rises before loss of consciousness,Brake et al. 2024,"propofol induction, Cz",14,1.498185376451704,0.7979513955742699,2.271540134121711,0.8787544295558587,0.1595800571232703,1.648576249526125,0.4216710253216965,0.7914078596974422,True,2.418647928327703,1.157638166210084,3.9042887617478983,0.0095,ln,holds under both
anaesthesia,beta rises before loss of consciousness,Brake et al. 2024,"propofol induction, Cz",14,1.84217536070082,1.341204068766951,2.384284356259297,1.5374936915190291,1.042870818675793,2.0897916120544338,0.0791516780654764,0.5160812737518528,True,6.046229711317723,2.693218747928815,13.63098732136366,0.0,ln,holds under both
