window,group,measure,n,est,p,s_a,s_b,lam_star,hdi_lo,hdi_hi,lam0,lam0_lo,lam0_hi,lam1,lam1_lo,lam1_hi,p_cross_in_01
censor 6-16,all,relative alpha anteriorization,20,0.6459352749187741,9.108598303530054e-05,,,,,,,,,,,,
censor 6-16,all,anteriorization (frontal - posterior),19,,,0.6506028833889774,0.4658459660625907,1.3966051673431534,0.39393403774073016,2.5180753740829047,0.6506028833889774,0.26572999107566353,1.0159506824661433,0.18475691732638672,-0.2322898941546526,0.5777655817856082,0.178
censor 6-16,all,posterior alpha,20,,,-0.314132611934813,0.36928778021424286,-0.8506444804444071,-2.353430006107633,0.2920739460248861,-0.314132611934813,-0.6595354489034669,0.05531229361534013,-0.6834203921490558,-1.0175042312197236,-0.3608744638791924,0.051
censor 6-16,all,frontal alpha,19,,,0.372313811443233,0.798139069144718,0.4664773669608765,-0.17112646190371,1.197464529732506,0.372313811443233,-0.13170577123577326,0.9112834949321627,-0.425825257701485,-1.001561425690054,0.11733234221598667,0.856
censor 6-16,drowsy,relative alpha anteriorization,7,0.8865620449977654,0.003342805879672452,,,,,,,,,,,,
censor 6-16,drowsy,anteriorization (frontal - posterior),7,,,1.2049012569116622,0.4767311747441664,2.5274228343851477,1.8961215642557976,3.3737149512411517,1.2049012569116622,0.8857809064158177,1.5469824067493838,0.7281700821674958,0.4910900102317129,0.9288893348229592,0.0
censor 6-16,drowsy,posterior alpha,7,,,-0.03190682686758339,0.31447476937335184,-0.10146068929842464,-11.173372733982749,1.3860216569794757,-0.03190682686758339,-0.8262730361511571,0.8600542870169049,-0.34638159624093523,-0.8294005365171083,0.16919566283687903,0.3585
censor 6-16,drowsy,frontal alpha,7,,,1.1729944300440787,0.7912059441175181,1.48253996164348,0.9574236537279471,1.900911921396454,1.1729944300440787,0.4304283999053228,1.9944146276683068,0.38178848592656056,-0.10860604906018792,0.9245573244681909,0.047
censor 6-16,responsive,relative alpha anteriorization,13,0.5163670141070096,0.00949711756854964,,,,,,,,,,,,
censor 6-16,responsive,anteriorization (frontal - posterior),12,,,0.3272621655007448,0.45949626099833835,0.7122194308822205,-0.4790037609204255,2.185227249783577,0.3272621655007448,-0.12824336426099228,0.7801227851272113,-0.13223409549759357,-0.6932370340057139,0.427821994096696,0.6135
censor 6-16,responsive,posterior alpha,13,,,-0.4661003423556291,0.3988024783593379,-1.168749864025802,-2.030893987295777,-0.3122780279156268,-0.4661003423556291,-0.7700093276588349,-0.14388719564340025,-0.8649028207149669,-1.25367754651053,-0.45223190906687816,0.0015
censor 6-16,responsive,frontal alpha,12,,,-0.09474988274059373,0.8021833920772512,-0.11811498926104569,-0.7768345299786318,0.6536120909630966,-0.09474988274059373,-0.649298112535776,0.46811607947078226,-0.8969332748178449,-1.6521322508103307,-0.1513769054465173,0.3235
censor 6-25,all,relative alpha anteriorization,20,0.6459352749187741,9.108598303530054e-05,,,,,,,,,,,,
censor 6-25,all,anteriorization (frontal - posterior),20,,,0.7043688264411461,0.19211450622746612,3.666401045255604,1.5713060328773376,8.91359335434011,0.7043688264411461,0.40460416284595624,0.9973677894138944,0.51225432021368,0.1933979165327626,0.8312344471580239,0.0005
censor 6-25,all,posterior alpha,20,,,-0.22910432820526871,0.34692525061300444,-0.660385278386193,-1.9696133065793857,0.5359321379914331,-0.22910432820526871,-0.5547279329195166,0.11733138300717541,-0.5760295788182732,-0.8525816478353774,-0.25733185933562563,0.09
censor 6-25,all,frontal alpha,20,,,0.4752644982358772,0.5390397568404706,0.8816872822546413,0.14985677538840805,1.777302727074964,0.4752644982358772,0.07038192559884639,0.9041730979342271,-0.06377525860459338,-0.5089182410019071,0.396115347888404,0.644
censor 6-25,drowsy,relative alpha anteriorization,7,0.8865620449977654,0.003342805879672452,,,,,,,,,,,,
censor 6-25,drowsy,anteriorization (frontal - posterior),7,,,1.140232443845336,0.25465143172680504,4.477620393152155,2.246788881785977,11.540441191135182,1.140232443845336,0.8400302419223392,1.4702897903483352,0.8855810121185309,0.6503349846423346,1.1122696959865186,0.0
censor 6-25,drowsy,posterior alpha,7,,,0.0032658125728629687,0.264348306572529,0.012354202738071753,-8.847134251013609,2.7882426748299682,0.0032658125728629687,-0.7558483443335031,0.8785201831328884,-0.26108249399966604,-0.7938666899322635,0.42175334947066,0.3055
censor 6-25,drowsy,frontal alpha,7,,,1.1434982564181988,0.5189997382993341,2.203273281341587,1.3621923980233583,3.0727123096259747,1.1434982564181988,0.4837423071285342,1.8891587289772933,0.6244985181188647,0.12935877946112334,1.2086176533681237,0.0
censor 6-25,responsive,relative alpha anteriorization,13,0.5163670141070096,0.00949711756854964,,,,,,,,,,,,
censor 6-25,responsive,anteriorization (frontal - posterior),13,,,0.4696730324542744,0.1584407771124375,2.9643444131870855,0.010951354598807066,20.3013093116251,0.4696730324542744,0.1343823824159887,0.8227516229229771,0.31123225534183685,-0.07524666350287847,0.7469411220674262,0.0395
censor 6-25,responsive,posterior alpha,13,,,-0.35422671170118575,0.3913897589424911,-0.9050484934973326,-1.718218235296832,-0.1681008414984957,-0.35422671170118575,-0.6410734868317476,-0.06430216344824417,-0.7456164706436769,-1.040387125244813,-0.4339897537960586,0.0045
censor 6-25,responsive,frontal alpha,13,,,0.1154463207530886,0.5498305360549286,0.20996709564627636,-0.4481916420269103,1.19120056265566,0.1154463207530886,-0.24956399989591702,0.5669502125551872,-0.43438421530184,-0.9071557337642,0.14058965536495274,0.6305
