model,cond,spec,n,s0,s0_lo,s0_hi,s1,s1_lo,s1_hi,s_b,lam_star,hdi_lo,hdi_hi,p_cross_in_01
fixed,ec,base,2293,-0.051243008430316726,-0.06828575087930487,-0.03427073601904024,0.0500966138793374,0.0360753901924829,0.06377699022886464,-0.10133962230965413,0.5056562010240989,0.35975727445129446,0.6379982204725636,1.0
fixed,ec,covar,2293,-0.05373045227148889,-0.07148197177497684,-0.03637300044272721,0.04645684189510336,0.03141035759353814,0.06108424335097844,-0.10018729416659225,0.5363000639796246,0.3932992485843094,0.6959752113551504,1.0
fixed,ec,+p,2293,-0.05412249328580822,-0.07202533865237376,-0.03671897634393047,0.04592419992929042,0.030776023576393585,0.06037381732226471,-0.10004669321509864,0.5409723354818515,0.3938505892171519,0.6954186722058895,1.0
fixed,ec,+cbcl,2293,-0.05317324714033141,-0.07141671178729618,-0.03534531175468225,0.0443829326191749,0.02916812151394758,0.05903699590660023,-0.09755617975950631,0.5450525765913868,0.3878810905483708,0.701634105012562,1.0
fixed,ec,+cbcl+ehq,2293,-0.05391026908565761,-0.07225346144009283,-0.03630139340443116,0.043704913346640416,0.02823071832384518,0.05867070587350605,-0.09761518243229803,0.552273404017327,0.39637898024725055,0.7046861803289782,1.0
fixed,ec,p<=median,1147,-0.060637763337784506,-0.08373832085252615,-0.03579286898898582,0.04355051365782679,0.02374897597709682,0.06273537672370295,-0.1041882769956113,0.582001786442238,0.38119372903983517,0.7748332724660643,1.0
fixed,ec,p>median,1146,-0.04636362162298725,-0.07133640515421541,-0.020784797839554708,0.04911800366930481,0.028173144247978517,0.06995871630942384,-0.09548162529229207,0.4855763764081008,0.24488407443096222,0.7146517974897845,1.0
fixed,eo,base,2062,-0.11001262005020436,-0.1292500277279689,-0.09122141714118819,-0.0002255441102955169,-0.017142673984851666,0.016956949176937065,-0.10978707593990884,1.0020543776065132,0.8363168832291562,1.1612767605251433,0.4945
fixed,eo,covar,2062,-0.10948285289684692,-0.12924415292739974,-0.09029418245583126,0.0007230619116338904,-0.01641224718248271,0.018299327963584903,-0.11020591480848081,0.9934389917919519,0.8425830845942528,1.1711454721084813,0.5395
fixed,eo,+p,2062,-0.10887653681923351,-0.12857108733331604,-0.08951292037957975,0.0008563253010720057,-0.016174394905643145,0.018269774080496723,-0.10973286212030552,0.9921962729803477,0.8245078833146684,1.153704691005068,0.547
fixed,eo,+cbcl,2062,-0.10802993092125206,-0.12912581775857696,-0.08740909213635396,0.0009743875295789434,-0.017792142871113276,0.019582674063040137,-0.109004318450831,0.9910610190180817,0.8100356836570051,1.1680007985078993,0.5495
fixed,eo,+cbcl+ehq,2062,-0.10956135348135301,-0.13077043573617067,-0.08897392261809492,-0.00032102104151948696,-0.01883930673045292,0.01832967128428527,-0.10924033243983353,1.0029386677461485,0.8264102352707946,1.1825184490178657,0.4885
fixed,eo,p<=median,1031,-0.12011136577155956,-0.14669450740494303,-0.09299322257268426,-0.008977457853758988,-0.03353855183630765,0.01673855295328466,-0.11113390791780058,1.0807805468372362,0.8567899936891705,1.3036940357455336,0.234
fixed,eo,p>median,1031,-0.09709017941605283,-0.12495473977767242,-0.07159971610820984,0.010945330218129545,-0.014598624506233733,0.03591583059673538,-0.10803550963418238,0.8986876606109289,0.6537546634181088,1.1134271905673172,0.791
knee_plateau,ec,base,2201,-0.03880183592332057,-0.05649026756835109,-0.021586069550030347,0.05049671701323032,0.03748672806556564,0.06359217721900372,-0.0892985529365509,0.4345180817307348,0.2518166332815811,0.574744257361755,1.0
knee_plateau,ec,covar,2201,-0.038648936814435486,-0.05785848296715779,-0.019882368527559622,0.053289293633482115,0.039310628318793964,0.06747069728994926,-0.0919382304479176,0.4203793854432499,0.24817519882727515,0.5769656917689528,1.0
knee_plateau,ec,+p,2201,-0.039162099668321494,-0.05845850619192677,-0.020383255518707337,0.0528165652700835,0.03906292076344274,0.06696912402931803,-0.091978664938405,0.42577373453449263,0.26337985692969734,0.5919837963968033,1.0
knee_plateau,ec,+cbcl,2201,-0.03762365746879381,-0.05708646349183749,-0.018353408557113444,0.0518787486393019,0.037219035473321324,0.06631689645497615,-0.0895024061080957,0.42036476006415047,0.23188513957263573,0.5849216326946558,1.0
knee_plateau,ec,+cbcl+ehq,2201,-0.038974836973271317,-0.05856777953891046,-0.019756312951519996,0.050495103293157144,0.035572437316621436,0.06527007653043923,-0.08946994026642846,0.43561934720432277,0.25191969171025047,0.6059332534235615,1.0
knee_plateau,ec,p<=median,1102,-0.04397816165821871,-0.06670514648431035,-0.021028104338076323,0.05389929615501777,0.036943252933685646,0.07095105554646827,-0.09787745781323648,0.44931859327747387,0.2616784555418196,0.6431398632902251,1.0
knee_plateau,ec,p>median,1099,-0.033375998849947235,-0.06111495827094246,-0.004831429898128143,0.051394506519507784,0.028130681132357643,0.07363498928172282,-0.08477050536945502,0.39372183407996364,0.09944536449096833,0.6458182353509113,0.9925
knee_plateau,eo,base,1798,-0.12297911121238961,-0.1472880293836449,-0.09932706049777724,-0.011111992631338372,-0.031967059765028,0.008925302555404099,-0.11186711858105124,1.0993320715889128,0.9235402535378981,1.2840479837879546,0.144
knee_plateau,eo,covar,1798,-0.11671404168832313,-0.14053458501664365,-0.09330338531915647,-0.006367577620273582,-0.026882619385782076,0.014355995504574613,-0.11034646406804954,1.0577053163783006,0.8843298540834174,1.2520612710022954,0.2785
knee_plateau,eo,+p,1798,-0.1160653982172705,-0.13985164988491347,-0.09274690627857436,-0.00630112667098523,-0.026916356824515635,0.014502353126039062,-0.10976427154628526,1.057405989965762,0.8857196419900681,1.2553733745151996,0.286
knee_plateau,eo,+cbcl,1798,-0.11419889380047438,-0.1406071661308279,-0.08987230938977382,-0.00427097523358784,-0.026124113564202776,0.01807275919320235,-0.10992791856688654,1.0388525070725243,0.8432797433425191,1.234410615944486,0.357
knee_plateau,eo,+cbcl+ehq,1798,-0.115493397055283,-0.14192787965673617,-0.09050339619168424,-0.006003199701068704,-0.02802084823572543,0.016392555410262355,-0.1094901973542143,1.0548286499260533,0.8625950378562725,1.249703300145591,0.301
knee_plateau,eo,p<=median,900,-0.11591303273291947,-0.14824875004724178,-0.08501974090398033,0.0005355002884848276,-0.02678701096766702,0.028744138545775986,-0.1164485330214043,0.9954013994458273,0.7533969055060618,1.228647104450606,0.537
knee_plateau,eo,p>median,898,-0.1188514480725954,-0.1534480924675575,-0.0840421513711728,-0.016654995466750533,-0.04892583400810308,0.015863334010519703,-0.10219645260584487,1.162970387347848,0.8490624288359943,1.4660965187801969,0.158
