subject,flat,edge_iaf,fallback,qc_ok
sub-NDARAA396TWZ,False,False,False,True
sub-NDARAA773LUW,False,False,False,True
sub-NDARAA947ZG5,False,False,True,False
sub-NDARAA948VFH,False,False,False,True
sub-NDARAB055BPR,False,True,True,False
sub-NDARAB348EWR,False,False,False,True
sub-NDARAB458VK9,False,False,False,True
sub-NDARAB514MAJ,False,False,True,False
sub-NDARAB674LNB,False,False,True,False
sub-NDARAB708LM5,True,False,True,False
sub-NDARAB756JDJ,False,False,False,True
sub-NDARAB793GL3,False,False,False,True
sub-NDARAB977GFB,False,True,False,False
sub-NDARAC349YUC,True,False,True,False
sub-NDARAC350BZ0,False,False,False,True
sub-NDARAC462DZH,False,False,False,True
sub-NDARAC589YMB,False,True,False,False
sub-NDARAC688ZM5,False,False,False,True
sub-NDARAC853CR6,False,False,False,True
sub-NDARAC853DTE,False,False,False,True
sub-NDARAC904DMU,False,False,False,True
sub-NDARAC923GPW,False,False,False,True
sub-NDARAD224CRB,False,False,False,True
sub-NDARAD232HVV,False,False,False,True
sub-NDARAD269FZD,False,False,False,True
sub-NDARAD571FLB,False,False,False,True
sub-NDARAD615WLJ,False,False,False,True
sub-NDARAD774HAZ,False,False,False,True
sub-NDARAE301XTM,False,False,False,True
sub-NDARAE540FCG,False,False,False,True
sub-NDARAE710YWG,False,False,False,True
sub-NDARAE828CML,False,False,False,True
sub-NDARAE866UVF,False,False,False,True
sub-NDARAE877NER,False,False,False,True
sub-NDARAF003VCL,False,False,False,True
sub-NDARAF440XWG,False,False,False,True
sub-NDARAF535XK6,False,False,False,True
sub-NDARAG143ARJ,False,False,False,True
sub-NDARAG191AE8,False,False,False,True
sub-NDARAG340ERT,False,False,False,True
sub-NDARAG584XLU,False,False,False,True
sub-NDARAG610XL4,False,False,False,True
sub-NDARAG644KE3,False,False,True,False
sub-NDARAH129BMC,False,False,False,True
sub-NDARAH239PGG,False,False,False,True
sub-NDARAH503YG1,False,False,False,True
sub-NDARAH948UF0,False,False,False,True
sub-NDARAH976BND,False,False,False,True
sub-NDARAJ977PRJ,True,True,True,False
sub-NDARAL606CW5,False,False,False,True
sub-NDARAL828WXM,False,False,False,True
sub-NDARAL897CYV,False,False,False,True
sub-NDARAM487XU3,True,False,True,False
sub-NDARAM675UR8,False,False,False,True
sub-NDARAM704GKZ,False,False,False,True
sub-NDARAM873GAC,False,False,False,True
sub-NDARAN076TPG,False,False,False,True
sub-NDARAN160GUF,False,False,False,True
sub-NDARAN229MTX,False,False,False,True
sub-NDARAN262WK6,False,False,False,True
sub-NDARAN385MDH,False,False,False,True
sub-NDARAN934AZL,False,False,False,True
sub-NDARAP049KXJ,False,False,False,True
sub-NDARAP120HTA,False,False,False,True
sub-NDARAP176AD1,False,False,False,True
sub-NDARAP359UM6,False,False,False,True
sub-NDARAP457WB5,False,False,False,True
sub-NDARAP782TVC,False,False,False,True
sub-NDARAR238RZ8,False,False,False,True
sub-NDARAR305LXG,False,False,True,False
sub-NDARAR335FZH,False,False,False,True
sub-NDARAR358RHK,False,False,False,True
sub-NDARAR935TGZ,False,False,False,True
sub-NDARAR991JAA,False,False,False,True
sub-NDARAR998KMM,False,False,False,True
sub-NDARAT000LDV,False,False,True,False
sub-NDARAT193FC0,False,False,True,False
sub-NDARAT244VGA,False,False,False,True
sub-NDARAT680GJA,False,False,False,True
sub-NDARAT709MMX,False,False,False,True
sub-NDARAU044FP6,False,False,False,True
sub-NDARAU939WUK,False,False,True,False
sub-NDARAV031PPJ,False,False,False,True
sub-NDARAV082JHA,False,False,False,True
sub-NDARAV454VF0,False,False,False,True
sub-NDARAV474ADJ,False,False,False,True
sub-NDARAV519RND,False,False,False,True
sub-NDARAV610EY3,False,False,False,True
sub-NDARAV925BP3,False,False,True,False
sub-NDARAW216PM7,False,False,False,True
sub-NDARAW298ZA9,False,False,False,True
sub-NDARAW320CGR,False,False,False,True
sub-NDARAX075WL9,False,False,False,True
sub-NDARAX272ZJL,False,False,False,True
sub-NDARAX277ATU,False,False,False,True
sub-NDARAX283MAK,False,False,True,False
sub-NDARAX287BLD,False,False,False,True
sub-NDARAX722PKY,False,False,False,True
sub-NDARAX887JRN,False,False,False,True
sub-NDARAY283AU1,False,False,False,True
sub-NDARAY298THW,False,False,True,False
sub-NDARAY461TZZ,False,False,False,True
sub-NDARAY475AKD,False,False,False,True
sub-NDARAY596ZWD,False,False,False,True
sub-NDARAZ068TNJ,False,False,False,True
sub-NDARAZ069DBL,False,False,False,True
sub-NDARBA004KBT,False,False,False,True
sub-NDARBA404HR9,False,False,False,True
sub-NDARBA680RFY,False,False,False,True
sub-NDARBA839HLG,False,False,False,True
sub-NDARBB118UDB,False,False,False,True
sub-NDARBC202FT0,False,False,False,True
sub-NDARBC296PLU,False,False,False,True
sub-NDARBC734UVY,False,False,False,True
sub-NDARBC773HN6,False,True,False,False
sub-NDARBC865CXQ,False,False,True,False
sub-NDARBD328NUQ,False,False,False,True
sub-NDARBD347AG0,False,False,False,True
sub-NDARBD370RBY,False,False,True,False
sub-NDARBD879MBX,False,False,False,True
sub-NDARBD992CH7,False,False,False,True
sub-NDARBE081CU3,False,False,False,True
sub-NDARBE641DGZ,False,False,False,True
sub-NDARBE719PMB,False,False,False,True
sub-NDARBF042LDM,False,False,False,True
sub-NDARBF176LPM,False,False,False,True
sub-NDARBF183RFB,False,False,False,True
sub-NDARBF293YRB,False,False,False,True
sub-NDARBF575JUL,False,False,False,True
sub-NDARBF906DVB,False,False,False,True
sub-NDARBF911MLX,False,False,False,True
sub-NDARBG073ZY4,False,False,False,True
sub-NDARBG574KF4,False,False,False,True
sub-NDARBG831VK4,False,False,False,True
sub-NDARBH019KPD,False,False,False,True
sub-NDARBH024NH2,False,False,False,True
sub-NDARBH502NZ9,False,False,False,True
sub-NDARBH512BHA,False,False,False,True
sub-NDARBH701KA1,False,False,False,True
sub-NDARBH728DFK,False,False,False,True
sub-NDARBJ159HXB,False,False,False,True
sub-NDARBJ375VP4,False,False,False,True
sub-NDARBJ478HW5,False,False,False,True
sub-NDARBJ482HJL,False,False,False,True
sub-NDARBJ637CFZ,False,False,False,True
sub-NDARBK082PDD,False,False,False,True
sub-NDARBK106KRH,False,False,False,True
sub-NDARBK739HXR,False,False,False,True
sub-NDARBL042LWN,False,False,False,True
sub-NDARBL170XJX,False,False,False,True
sub-NDARBL242L4H,False,False,False,True
sub-NDARBL444FBA,False,False,False,True
sub-NDARBL935ZUA,False,False,False,True
sub-NDARBL990KHP,False,False,False,True
sub-NDARBM173BJG,False,False,False,True
sub-NDARBM197EFF,False,False,False,True
sub-NDARBM348NAN,False,False,False,True
sub-NDARBM370JCB,False,False,False,True
sub-NDARBM642JFT,False,False,False,True
sub-NDARBM839WR5,False,False,False,True
sub-NDARBN611GRA,False,False,False,True
sub-NDARBN620TT7,False,False,False,True
sub-NDARBN695TM7,False,False,False,True
sub-NDARBP398JHL,False,False,False,True
sub-NDARBP516PXX,False,False,False,True
sub-NDARBP681MTT,False,False,True,False
sub-NDARBP770MUM,False,False,False,True
sub-NDARBR039KM0,False,False,False,True
sub-NDARBR128UFP,False,False,False,True
sub-NDARBR533KJZ,False,False,False,True
sub-NDARBR740NKV,False,False,False,True
sub-NDARBT436PMT,False,False,False,True
sub-NDARBT579AW1,False,False,False,True
sub-NDARBT607PZL,False,False,False,True
sub-NDARBT640EBN,False,False,False,True
sub-NDARBT980MW2,False,False,False,True
sub-NDARBU098PJT,False,False,True,False
sub-NDARBU183TDJ,False,False,False,True
sub-NDARBU451LDR,False,False,False,True
sub-NDARBU532YXZ,False,False,False,True
sub-NDARBU607ZZ3,False,False,False,True
sub-NDARBU668NTV,False,False,False,True
sub-NDARBU730PN8,False,False,False,True
sub-NDARBU757VJK,False,False,True,False
sub-NDARBU928LV0,False,False,False,True
sub-NDARBV059CGE,False,False,True,False
sub-NDARBV167RMU,False,False,False,True
sub-NDARBV198EKU,False,False,False,True
sub-NDARBV577EE0,False,False,False,True
sub-NDARBV630BK6,False,False,False,True
sub-NDARBV680AA8,False,False,False,True
sub-NDARBW026UGE,False,False,False,True
sub-NDARBW255JE1,False,False,False,True
sub-NDARBW268XPY,False,False,False,True
sub-NDARBW660FLT,False,False,True,False
sub-NDARBW971DCW,False,False,False,True
sub-NDARBX121UM9,False,False,False,True
sub-NDARBX400RTC,False,False,False,True
sub-NDARBX479JVN,False,False,False,True
sub-NDARBX974XDR,False,False,False,True
sub-NDARBY976XYY,False,True,False,False
sub-NDARBZ444ZHK,False,False,False,True
sub-NDARBZ475NKK,True,False,True,False
sub-NDARBZ913ZB9,False,False,False,True
sub-NDARBZ925PRF,False,False,False,True
sub-NDARCA050RZL,False,False,False,True
sub-NDARCA153NKE,False,False,False,True
sub-NDARCA578CEB,False,False,False,True
sub-NDARCA618DGA,False,False,False,True
sub-NDARCA851LUG,False,False,True,False
sub-NDARCB142ZPB,False,False,False,True
sub-NDARCB305AFY,False,False,False,True
sub-NDARCB504PGG,False,False,False,True
sub-NDARCB620LXQ,False,False,False,True
sub-NDARCB869VM8,False,False,False,True
sub-NDARCC059WTH,False,False,False,True
sub-NDARCC101PA9,False,True,False,False
sub-NDARCC140AAK,False,False,False,True
sub-NDARCC620ZFT,False,False,True,False
sub-NDARCC824FCL,False,False,False,True
sub-NDARCC909PYL,False,False,False,True
sub-NDARCD075CMG,False,False,False,True
sub-NDARCD182XT1,False,False,False,True
sub-NDARCD296XU9,False,False,False,True
sub-NDARCD357CZR,False,False,False,True
sub-NDARCD453JG4,False,False,False,True
sub-NDARCD543VK6,False,False,True,False
sub-NDARCE162VRB,False,False,False,True
sub-NDARCE721YB5,False,False,False,True
sub-NDARCE788KXW,False,False,False,True
sub-NDARCE803VF5,False,False,False,True
sub-NDARCF052AE0,False,False,False,True
sub-NDARCF658ZMQ,False,False,False,True
sub-NDARCG037CX4,False,False,False,True
sub-NDARCG343UF4,False,False,False,True
sub-NDARCG785NND,False,False,False,True
sub-NDARCG947ZC0,False,False,False,True
sub-NDARCH001CN2,False,False,False,True
sub-NDARCH514JCT,False,False,False,True
sub-NDARCH628LKW,False,False,False,True
sub-NDARCH881EFG,False,False,False,True
sub-NDARCH889NUF,False,False,False,True
sub-NDARCJ011TTG,False,False,False,True
sub-NDARCJ014BCH,False,False,False,True
sub-NDARCJ170CT9,False,False,False,True
sub-NDARCJ348YVB,False,False,False,True
sub-NDARCJ433TCG,False,False,False,True
sub-NDARCJ475WJP,False,False,False,True
sub-NDARCJ594BWQ,False,False,False,True
sub-NDARCJ667UPL,False,False,False,True
sub-NDARCK113CJM,False,False,False,True
sub-NDARCK162REX,False,True,True,False
sub-NDARCK427YBH,False,False,False,True
sub-NDARCK481KRH,False,False,False,True
sub-NDARCK647MU6,False,False,False,True
sub-NDARCK661RZ6,False,True,True,False
sub-NDARCK816LRX,False,False,False,True
sub-NDARCL008HLA,False,False,False,True
sub-NDARCL016NHB,False,False,False,True
sub-NDARCL105LUE,False,False,False,True
sub-NDARCL253KU1,False,False,False,True
sub-NDARCL586HXH,False,True,False,False
sub-NDARCL895UV8,False,False,False,True
sub-NDARCM027TAV,False,False,False,True
sub-NDARCM050BN2,False,False,False,True
sub-NDARCM080BVQ,False,False,False,True
sub-NDARCM082AZD,False,False,False,True
sub-NDARCM135DVC,False,False,False,True
sub-NDARCM639ZNA,False,False,False,True
sub-NDARCM677TC1,False,False,False,True
sub-NDARCM953HKD,False,False,False,True
sub-NDARCN497LVY,False,False,False,True
sub-NDARCN500KJG,False,False,False,True
sub-NDARCN669XPR,False,False,False,True
sub-NDARCN681CXW,False,False,False,True
sub-NDARCP073AFY,False,False,False,True
sub-NDARCP292KPA,False,False,False,True
sub-NDARCP452ZVH,False,False,False,True
sub-NDARCP642KML,False,False,False,True
sub-NDARCR499NE4,False,True,True,False
sub-NDARCR594JN0,False,False,True,False
sub-NDARCR715LEY,False,True,True,False
sub-NDARCR743RHQ,False,False,False,True
sub-NDARCT119UKU,False,False,False,True
sub-NDARCT277WK9,False,False,False,True
sub-NDARCT301RK9,True,False,False,False
sub-NDARCT889DMB,False,True,True,False
sub-NDARCT974NAJ,False,False,True,False
sub-NDARCU001ZN7,False,False,False,True
sub-NDARCU057BFP,False,False,False,True
sub-NDARCU118LMX,False,False,False,True
sub-NDARCU621EBN,False,False,False,True
sub-NDARCU865PBV,False,False,False,True
sub-NDARCU891YET,False,False,False,True
sub-NDARCU957PGQ,False,False,False,True
sub-NDARCV378MMX,False,True,False,False
sub-NDARCV440TRV,True,True,True,False
sub-NDARCV628NRY,True,False,True,False
sub-NDARCV944JA6,False,False,False,True
sub-NDARCW071AU5,False,False,True,False
sub-NDARCW094JCG,False,False,True,False
sub-NDARCW497XW2,False,False,False,True
sub-NDARCW611MK5,False,False,False,True
sub-NDARCW855EMQ,False,False,False,True
sub-NDARCW932EU6,False,False,True,False
sub-NDARCW933FD5,False,False,False,True
sub-NDARCW946WNE,False,False,False,True
sub-NDARCX021XWF,False,False,False,True
sub-NDARCX053GU5,False,True,False,False
sub-NDARCX462NVA,False,False,True,False
sub-NDARCX505WVX,False,False,False,True
sub-NDARCY178KJP,False,False,False,True
sub-NDARCY682FLJ,False,False,False,True
sub-NDARCZ388PF5,False,False,False,True
sub-NDARCZ770BRG,False,False,False,True
sub-NDARCZ915NC1,False,False,False,True
sub-NDARCZ947WU5,False,False,False,True
sub-NDARDA656RBN,False,False,True,False
sub-NDARDA665DRH,False,False,False,True
sub-NDARDB033FW5,False,False,False,True
sub-NDARDC003YG7,True,False,True,False
sub-NDARDC389TLD,False,False,False,True
sub-NDARDC553RE2,False,False,False,True
sub-NDARDC704GKW,False,False,False,True
sub-NDARDC814WW2,False,False,False,True
sub-NDARDC987BMU,False,False,False,True
sub-NDARDD073JKZ,False,False,False,True
sub-NDARDD128NWL,False,False,False,True
sub-NDARDD193HUP,False,False,False,True
sub-NDARDD531EP2,False,False,False,True
sub-NDARDD820LG7,False,False,False,True
sub-NDARDE283PLC,False,False,False,True
sub-NDARDE294HNX,False,False,True,False
sub-NDARDE319VD1,False,False,False,True
sub-NDARDE355JYM,False,False,False,True
sub-NDARDE502TEU,False,False,True,False
sub-NDARDE597GKQ,False,False,False,True
sub-NDARDE827UF0,False,False,False,True
sub-NDARDF166XVA,False,False,False,True
sub-NDARDF373ZDW,False,False,False,True
sub-NDARDF568GL5,False,False,False,True
sub-NDARDF877LW4,False,False,False,True
sub-NDARDG484ZJ1,False,False,False,True
sub-NDARDG528KWJ,False,False,False,True
sub-NDARDG644LJX,False,False,False,True
sub-NDARDG747ULB,False,False,False,True
sub-NDARDG929LYJ,False,False,False,True
sub-NDARDH214UVC,False,False,True,False
sub-NDARDH270YR5,False,False,False,True
sub-NDARDH305AV2,False,False,True,False
sub-NDARDH670PXH,False,False,False,True
sub-NDARDH793TRR,False,False,False,True
sub-NDARDH934MUV,False,False,False,True
sub-NDARDJ083LD3,False,False,False,True
sub-NDARDJ092YKH,False,False,False,True
sub-NDARDJ204EPU,False,False,False,True
sub-NDARDJ544BU5,False,False,False,True
sub-NDARDJ947WXC,True,True,True,False
sub-NDARDJ970ELG,False,False,False,True
sub-NDARDK197BHM,False,False,False,True
sub-NDARDK635CD2,False,False,False,True
sub-NDARDK794WV3,False,False,False,True
sub-NDARDL129FV3,False,False,False,True
sub-NDARDL377ZT7,False,False,False,True
sub-NDARDL389KT5,False,False,False,True
sub-NDARDL511UND,False,False,False,True
sub-NDARDM027XFE,False,True,False,False
sub-NDARDM118LR6,False,False,False,True
sub-NDARDM419DLQ,False,False,False,True
sub-NDARDN393BJH,False,False,False,True
sub-NDARDN446FJG,False,False,False,True
sub-NDARDN489EXJ,False,False,False,True
sub-NDARDN924BV2,False,False,False,True
sub-NDARDN996CPF,False,False,False,True
sub-NDARDP292DVC,False,False,True,False
sub-NDARDP725ZVY,False,False,True,False
sub-NDARDP740CLE,False,False,False,True
sub-NDARDP815CNW,False,False,True,False
sub-NDARDR067YMC,False,False,False,True
sub-NDARDR103FJQ,False,False,False,True
sub-NDARDR240WKM,False,False,False,True
sub-NDARDR296XHN,False,False,False,True
sub-NDARDR304HHJ,False,False,False,True
sub-NDARDR439HY2,False,False,False,True
sub-NDARDR458MR7,False,False,False,True
sub-NDARDR591AUC,False,False,False,True
sub-NDARDR595ZE5,False,False,False,True
sub-NDARDR898FMV,False,True,False,False
sub-NDARDT528ZZJ,False,False,False,True
sub-NDARDU314YVY,False,False,False,True
sub-NDARDU482DGK,False,False,False,True
sub-NDARDU566NUY,False,False,True,False
sub-NDARDU602LPX,False,False,False,True
sub-NDARDU617ZW1,False,False,False,True
sub-NDARDU760YZC,False,False,False,True
sub-NDARDU986RBM,False,False,False,True
sub-NDARDV088AA3,False,False,False,True
sub-NDARDV122YZN,False,False,False,True
sub-NDARDV204BYM,False,False,False,True
sub-NDARDV222JZ6,False,False,False,True
sub-NDARDV421ZWE,False,False,False,True
sub-NDARDV648WB5,False,False,False,True
sub-NDARDV865ENP,False,False,False,True
sub-NDARDW178AC6,False,False,False,True
sub-NDARDW252TCB,False,False,True,False
sub-NDARDW416KWZ,False,False,False,True
sub-NDARDW463WFD,False,False,True,False
sub-NDARDW741HCF,False,False,False,True
sub-NDARDX173WLD,False,False,False,True
sub-NDARDX451ZGM,False,False,False,True
sub-NDARDX857DLB,False,False,False,True
sub-NDARDY150ZP9,False,False,False,True
sub-NDARDY741VEB,False,False,False,True
sub-NDARDZ058NZN,False,False,False,True
sub-NDARDZ147ETZ,False,False,False,True
sub-NDARDZ266KET,False,False,False,True
sub-NDARDZ425JVB,False,False,False,True
sub-NDARDZ440NGK,False,False,False,True
sub-NDAREA730YXX,False,False,False,True
sub-NDAREB303XDC,False,False,False,True
sub-NDAREB662RLE,False,False,False,True
sub-NDAREB953UMY,False,False,False,True
sub-NDAREC277JCP,False,False,False,True
sub-NDAREC377AU2,False,False,False,True
sub-NDAREC447FDH,False,False,False,True
sub-NDAREC542MH3,False,False,False,True
sub-NDARED010UML,False,False,False,True
sub-NDAREE543HYQ,False,True,False,False
sub-NDAREF074ZAQ,False,False,True,False
sub-NDAREF150LNT,False,True,True,False
sub-NDAREF389RY2,False,False,False,True
sub-NDAREF893ZM8,False,False,False,True
sub-NDAREG013BLG,False,False,False,True
sub-NDAREG350WZ4,False,False,False,True
sub-NDAREG561ML5,False,False,False,True
sub-NDAREG806MMA,False,False,False,True
sub-NDAREH074NG8,False,False,False,True
sub-NDAREH333KZD,False,False,False,True
sub-NDAREJ923AYR,False,False,False,True
sub-NDAREK109WK1,False,False,False,True
sub-NDAREK549XUQ,False,False,False,True
sub-NDAREK686WN1,False,False,False,True
sub-NDAREK731AXL,False,False,False,True
sub-NDAREK801BPB,False,False,True,False
sub-NDAREK862TN1,False,False,False,True
sub-NDAREL027FPB,False,False,False,True
sub-NDAREL0366HL,False,False,False,True
sub-NDAREL721PGQ,False,False,False,True
sub-NDAREM155HGQ,False,False,False,True
sub-NDAREM333CK5,False,False,False,True
sub-NDAREM356FXV,False,False,False,True
sub-NDAREM500WWH,False,False,True,False
sub-NDAREM609ZXW,False,False,False,True
sub-NDAREM687HPE,False,False,False,True
sub-NDAREM731BYM,False,False,False,True
sub-NDAREM887YY8,False,False,True,False
sub-NDAREN151YXN,False,False,False,True
sub-NDAREN519BLJ,False,False,False,True
sub-NDAREN691WTC,False,False,False,True
sub-NDAREN969HF7,False,False,False,True
sub-NDAREN999ERM,False,False,False,True
sub-NDAREP061MTY,False,False,False,True
sub-NDAREP505XAD,False,False,False,True
sub-NDARER054VLK,False,False,False,True
sub-NDARER115FTJ,False,False,False,True
sub-NDARER379GTP,False,False,False,True
sub-NDARET067PK6,False,False,False,True
sub-NDARET069PKN,False,False,False,True
sub-NDARET332CTB,False,False,False,True
sub-NDARET484TTP,False,False,False,True
sub-NDARET550NXC,False,False,False,True
sub-NDARET558NB3,False,False,False,True
sub-NDARET632ELD,False,False,False,True
sub-NDARET671FTC,False,False,False,True
sub-NDARET888KD2,False,False,False,True
sub-NDAREU438HAF,False,False,True,False
sub-NDAREU890CYJ,False,False,False,True
sub-NDAREV372WDG,False,False,False,True
sub-NDAREV527ZRF,False,False,False,True
sub-NDAREV601CE7,False,False,False,True
sub-NDAREV848HWX,False,False,False,True
sub-NDAREW074ZM2,False,False,False,True
sub-NDAREW326RXX,False,False,False,True
sub-NDAREW430AYU,False,False,False,True
sub-NDAREW557WZM,False,False,False,True
sub-NDAREW661NZJ,False,False,False,True
sub-NDAREW937RMY,False,False,True,False
sub-NDAREX531PXT,False,False,False,True
sub-NDAREX726VYV,False,True,False,False
sub-NDAREY359ANG,False,False,False,True
sub-NDAREY366VH0,False,False,False,True
sub-NDAREY512KVX,False,False,False,True
sub-NDAREY778CR9,False,False,True,False
sub-NDAREZ416XDW,False,False,False,True
sub-NDARFA089ZZG,False,False,False,True
sub-NDARFA358RJJ,False,False,False,True
sub-NDARFA402LMW,False,False,False,True
sub-NDARFA780CUG,False,True,True,False
sub-NDARFA804ZLW,False,False,False,True
sub-NDARFA815FXE,False,False,False,True
sub-NDARFB146TG0,False,False,False,True
sub-NDARFB371EMF,False,False,False,True
sub-NDARFB908HVX,False,False,False,True
sub-NDARFC339HXZ,False,False,False,True
sub-NDARFC405UUZ,False,False,False,True
sub-NDARFC694PW2,False,False,False,True
sub-NDARFD316UD2,False,False,False,True
sub-NDARFD453NPR,False,False,False,True
sub-NDARFD552FRH,False,False,False,True
sub-NDARFD628UVZ,True,False,False,False
sub-NDARFD822TY5,False,True,False,False
sub-NDARFE555KXB,False,False,False,True
sub-NDARFE868RRJ,False,False,False,True
sub-NDARFE902PF9,False,False,False,True
sub-NDARFF070XHV,False,False,False,True
sub-NDARFF644ZGD,False,False,False,True
sub-NDARFG118DW3,False,False,False,True
sub-NDARFG757CEU,False,False,False,True
sub-NDARFH099KNX,False,False,False,True
sub-NDARFJ000DCY,False,False,False,True
sub-NDARFJ031UJJ,False,False,False,True
sub-NDARFJ488VPT,False,False,False,True
sub-NDARFJ494ZDJ,False,False,False,True
sub-NDARFK452XCU,False,False,False,True
sub-NDARFK610GY5,False,False,False,True
sub-NDARFK819TD5,False,False,False,True
sub-NDARFL579BAP,False,False,False,True
sub-NDARFL793LDE,False,False,False,True
sub-NDARFM645RH5,False,False,True,False
sub-NDARFM811ZCE,False,False,False,True
sub-NDARFM870UHU,False,False,False,True
sub-NDARFN636ZYB,False,False,False,True
sub-NDARFP243NWY,False,False,False,True
sub-NDARFP503KJF,False,False,True,False
sub-NDARFP601KKC,False,False,False,True
sub-NDARFP813TL5,False,False,False,True
sub-NDARFP841PDJ,False,False,False,True
sub-NDARFR103CUN,False,False,True,False
sub-NDARFR108JNB,False,False,False,True
sub-NDARFR301KKP,False,False,False,True
sub-NDARFR445XKP,False,False,False,True
sub-NDARFR601RDQ,False,False,False,True
sub-NDARFR873KZX,False,False,False,True
sub-NDARFT176NJP,False,False,False,True
sub-NDARFT305CG1,False,False,False,True
sub-NDARFT581ZW5,False,False,False,True
sub-NDARFT591CKG,True,True,False,False
sub-NDARFT615JZ6,False,False,False,True
sub-NDARFT698LLU,False,False,False,True
sub-NDARFT787HJW,False,False,False,True
sub-NDARFU407YL4,False,False,False,True
sub-NDARFU786BN4,False,False,False,True
sub-NDARFV557XAA,False,False,False,True
sub-NDARFV725DEQ,False,False,False,True
sub-NDARFV780ABD,False,False,False,True
sub-NDARFW002KMK,False,False,True,False
sub-NDARFW038ZNE,False,False,False,True
sub-NDARFW506ZZ0,False,False,False,True
sub-NDARFW626NVV,False,False,False,True
sub-NDARFW972KFQ,False,False,False,True
sub-NDARFX455JFY,True,False,True,False
sub-NDARFX626DFH,False,False,False,True
sub-NDARFX710UZA,False,False,False,True
sub-NDARFY009MNL,False,False,False,True
sub-NDARFY525TL2,False,False,False,True
sub-NDARGA056TMW,False,False,False,True
sub-NDARGA499CKF,False,True,False,False
sub-NDARGB040MGR,False,False,False,True
sub-NDARGB060TAM,False,False,False,True
sub-NDARGB102NWJ,False,False,False,True
sub-NDARGB324PM1,False,False,False,True
sub-NDARGB441VVD,False,False,False,True
sub-NDARGB467PK5,False,False,False,True
sub-NDARGB866MPN,False,False,False,True
sub-NDARGB998HX3,False,False,False,True
sub-NDARGC124PAW,False,False,False,True
sub-NDARGC157LYY,False,False,False,True
sub-NDARGC170UK2,False,False,False,True
sub-NDARGC255BUN,False,False,False,True
sub-NDARGC407NV7,False,False,False,True
sub-NDARGC559LN8,False,False,False,True
sub-NDARGC822DBX,False,False,False,True
sub-NDARGD414HBX,False,False,False,True
sub-NDARGD414MUA,False,False,False,True
sub-NDARGD507TDZ,False,False,False,True
sub-NDARGD751MMW,False,False,False,True
sub-NDARGD919DHK,False,False,False,True
sub-NDARGE643MYU,False,False,False,True
sub-NDARGE946RCB,False,False,False,True
sub-NDARGE994BMX,False,True,False,False
sub-NDARGF192VD1,False,False,False,True
sub-NDARGF367KVL,False,False,False,True
sub-NDARGG058DYF,False,False,False,True
sub-NDARGG205WVN,False,False,False,True
sub-NDARGG655YCT,False,False,False,True
sub-NDARGH592NZ2,False,False,False,True
sub-NDARGH629CW0,False,False,False,True
sub-NDARGH775KF5,False,False,False,True
sub-NDARGH790CEF,True,False,True,False
sub-NDARGJ392ACY,False,False,False,True
sub-NDARGJ395FKP,False,False,False,True
sub-NDARGJ596GTA,False,False,False,True
sub-NDARGJ627BL2,False,False,False,True
sub-NDARGJ653MG2,False,False,False,True
sub-NDARGJ878ZP4,False,False,False,True
sub-NDARGJ954FP7,False,False,False,True
sub-NDARGK253TTG,False,True,True,False
sub-NDARGK442YHH,False,False,False,True
sub-NDARGK736HF4,False,False,False,True
sub-NDARGK981YLX,False,False,False,True
sub-NDARGL014PN6,False,False,False,True
sub-NDARGL359WZA,False,False,False,True
sub-NDARGL586HN9,False,False,False,True
sub-NDARGL800LDW,False,False,False,True
sub-NDARGM159ZL9,False,False,False,True
sub-NDARGM240YJM,False,False,False,True
sub-NDARGM258RZU,False,False,False,True
sub-NDARGM421YWQ,False,False,False,True
sub-NDARGM426CJT,False,False,False,True
sub-NDARGM439FZD,False,False,False,True
sub-NDARGM616DJC,False,False,False,True
sub-NDARGN205MUG,False,False,False,True
sub-NDARGN210CK7,False,False,False,True
sub-NDARGN534LJB,False,False,False,True
sub-NDARGN640XT9,False,False,False,True
sub-NDARGN721GKT,False,False,False,True
sub-NDARGP132PYA,False,False,False,True
sub-NDARGP191YHN,False,False,False,True
sub-NDARGP240ENJ,False,False,False,True
sub-NDARGP399TDM,True,False,True,False
sub-NDARGR106TJB,False,False,False,True
sub-NDARGT551AFK,False,False,False,True
sub-NDARGT634DUJ,False,False,False,True
sub-NDARGT682ZWN,False,False,False,True
sub-NDARGU067HT7,False,False,False,True
sub-NDARGU126KC2,False,False,False,True
sub-NDARGU182ELW,False,False,False,True
sub-NDARGU271CPG,False,False,True,False
sub-NDARGU729WUR,False,False,False,True
sub-NDARGV263ZRY,False,False,False,True
sub-NDARGV436PFT,False,False,False,True
sub-NDARGV455JV1,False,False,False,True
sub-NDARGV781AMW,False,False,False,True
sub-NDARGW180RV4,False,False,True,False
sub-NDARGW249GEJ,False,False,False,True
sub-NDARGW404GJL,False,False,False,True
sub-NDARGW888PAL,False,False,False,True
sub-NDARGW899XRD,False,False,False,True
sub-NDARGX001CB1,False,False,False,True
sub-NDARGX161LRM,False,False,False,True
sub-NDARGX173AC3,False,False,False,True
sub-NDARGY200NTW,False,False,False,True
sub-NDARGY381RCN,False,False,False,True
sub-NDARGY464EYL,False,False,False,True
sub-NDARGY559UL3,False,False,False,True
sub-NDARGY639ANB,False,False,False,True
sub-NDARGY959RN8,False,False,False,True
sub-NDARGZ038DRL,False,False,False,True
sub-NDARGZ116HTR,False,True,False,False
sub-NDARGZ387TP5,False,False,False,True
sub-NDARGZ553TMQ,False,False,False,True
sub-NDARHA387FPM,False,False,False,True
sub-NDARHB233MT2,False,True,False,False
sub-NDARHB261JMG,False,False,False,True
sub-NDARHB452LTW,False,False,False,True
sub-NDARHB764VZ2,False,False,False,True
sub-NDARHC357HLP,False,False,True,False
sub-NDARHC426PAW,True,True,True,False
sub-NDARHC462NGR,False,False,False,True
sub-NDARHC562JGU,False,False,False,True
sub-NDARHC661KGK,False,False,False,True
sub-NDARHC814ZZL,True,False,True,False
sub-NDARHC817PBU,False,False,False,True
sub-NDARHD079LCL,False,False,False,True
sub-NDARHD248WMZ,False,False,False,True
sub-NDARHD276TYX,False,False,False,True
sub-NDARHD403ZHG,False,False,False,True
sub-NDARHD507TEF,False,False,False,True
sub-NDARHD546PDX,False,False,False,True
sub-NDARHD694XLC,False,False,True,False
sub-NDARHD841JAE,False,False,False,True
sub-NDARHE190JRL,False,False,False,True
sub-NDARHE283KZN,False,False,False,True
sub-NDARHE772FWW,True,False,False,False
sub-NDARHE896MYM,False,True,False,False
sub-NDARHF150FDY,False,False,False,True
sub-NDARHF351AA6,False,False,False,True
sub-NDARHF545HFW,False,False,False,True
sub-NDARHF854JX7,False,False,False,True
sub-NDARHG260BM9,False,False,False,True
sub-NDARHG321LLD,False,False,False,True
sub-NDARHG525ZK8,False,False,True,False
sub-NDARHH127PCL,False,False,False,True
sub-NDARHH654ZF9,False,False,False,True
sub-NDARHH819LH3,False,False,False,True
sub-NDARHJ318KZA,False,False,False,True
sub-NDARHL237MPV,False,False,False,True
sub-NDARHL684WYU,False,False,False,True
sub-NDARHL822EJK,False,False,False,True
sub-NDARHM270YKH,False,False,False,True
sub-NDARHM282EJ4,False,False,False,True
sub-NDARHM294VK2,False,False,False,True
sub-NDARHM413HVA,False,False,False,True
sub-NDARHM421JUP,False,False,False,True
sub-NDARHM611GDR,False,True,True,False
sub-NDARHN078CDT,False,False,False,True
sub-NDARHN158DC6,False,False,False,True
sub-NDARHN224TPA,True,False,True,False
sub-NDARHN482HPM,True,False,True,False
sub-NDARHN911CNJ,False,False,False,True
sub-NDARHP039DBU,False,False,False,True
sub-NDARHP395DGY,False,False,False,True
sub-NDARHP705RFA,False,False,False,True
sub-NDARHP924ZHW,False,False,False,True
sub-NDARHR191HKK,False,False,False,True
sub-NDARHR372GJ7,False,False,False,True
sub-NDARHR386KRJ,False,False,True,False
sub-NDARHR443EHF,False,False,False,True
sub-NDARHR448DEV,False,False,True,False
sub-NDARHR468PPJ,False,False,False,True
sub-NDARHR484PZP,False,False,False,True
sub-NDARHR690ZAM,False,False,False,True
sub-NDARHR751MTT,False,False,False,True
sub-NDARHR753ZKU,False,False,False,True
sub-NDARHR763RB4,False,False,False,True
sub-NDARHT403JJJ,False,False,False,True
sub-NDARHT524ET0,False,False,False,True
sub-NDARHT774ZK1,False,False,False,True
sub-NDARHU211PYD,False,False,True,False
sub-NDARHU395FP0,False,False,False,True
sub-NDARHU423YXP,False,False,False,True
sub-NDARHU831NXU,False,False,True,False
sub-NDARHV260FPW,False,False,False,True
sub-NDARHV388ZZ4,False,False,True,False
sub-NDARHV725JRD,False,False,False,True
sub-NDARHV743KA4,False,False,False,True
sub-NDARHV885JFU,False,False,False,True
sub-NDARHV915YXJ,False,False,False,True
sub-NDARHW575ZJ5,False,False,True,False
sub-NDARHW808VDT,False,False,False,True
sub-NDARHX145ZKV,False,False,False,True
sub-NDARHX252NVH,False,False,False,True
sub-NDARHY177LY9,False,False,False,True
sub-NDARHY255FVU,False,False,True,False
sub-NDARHY484FBX,False,False,False,True
sub-NDARHY693FNZ,False,False,False,True
sub-NDARHZ255RA6,False,False,False,True
sub-NDARHZ413DZL,False,False,False,True
sub-NDARHZ476MJP,False,False,False,True
sub-NDARHZ814MHQ,False,False,False,True
sub-NDARHZ847HME,False,False,False,True
sub-NDARJA157YB3,False,False,False,True
sub-NDARJA315FUQ,False,False,True,False
sub-NDARJA356XHT,False,False,False,True
sub-NDARJA737FAJ,False,False,False,True
sub-NDARJA830BYV,False,False,False,True
sub-NDARJB027GMR,False,False,True,False
sub-NDARJB355YHK,False,False,False,True
sub-NDARJB548ML8,False,False,False,True
sub-NDARJB570GBW,False,False,False,True
sub-NDARJC463HCM,False,False,True,False
sub-NDARJD142DHR,False,False,False,True
sub-NDARJD387HWG,False,False,False,True
sub-NDARJD704KEM,False,False,False,True
sub-NDARJE070PLA,False,False,False,True
sub-NDARJF027UGB,False,False,False,True
sub-NDARJG300HWH,False,False,False,True
sub-NDARJG477THE,False,False,False,True
sub-NDARJG488XHT,False,False,False,True
sub-NDARJG494YDY,False,False,False,True
sub-NDARJG581CCK,False,False,True,False
sub-NDARJG687YYX,False,False,False,True
sub-NDARJG738WY6,False,False,False,True
sub-NDARJG740PM8,False,False,False,True
sub-NDARJG821GH3,False,False,True,False
sub-NDARJH513HZX,False,False,False,True
sub-NDARJH773JTJ,False,False,False,True
sub-NDARJH910CGX,False,False,False,True
sub-NDARJJ011HZ1,False,False,False,True
sub-NDARJJ173BRX,True,True,False,False
sub-NDARJJ216EGT,False,False,True,False
sub-NDARJJ343TR0,False,False,False,True
sub-NDARJJ345VHW,False,True,True,False
sub-NDARJJ512AYJ,False,False,False,True
sub-NDARJJ638NAC,False,False,False,True
sub-NDARJJ817UP1,False,False,True,False
sub-NDARJK147LNJ,False,False,False,True
sub-NDARJK154PF5,False,False,False,True
sub-NDARJK734VNF,False,False,False,True
sub-NDARJK910PDK,False,False,False,True
sub-NDARJK995KMG,False,False,True,False
sub-NDARJL656RDA,False,False,False,True
sub-NDARJL819HZL,False,False,False,True
sub-NDARJM239GN4,False,False,True,False
sub-NDARJM618NZH,True,False,True,False
sub-NDARJM765EZF,False,False,False,True
sub-NDARJM828PAL,False,False,True,False
sub-NDARJN928UPY,False,False,False,True
sub-NDARJP444DZM,False,True,True,False
sub-NDARJP954CE7,False,False,False,True
sub-NDARJR280FEJ,False,False,False,True
sub-NDARJR437DJH,False,False,False,True
sub-NDARJR473HXT,False,False,True,False
sub-NDARJT064LRE,False,False,False,True
sub-NDARJT172UE0,False,False,False,True
sub-NDARJT517YHZ,False,False,False,True
sub-NDARJT556KAM,False,False,False,True
sub-NDARJT819VAX,False,False,False,True
sub-NDARJT921KTH,False,False,False,True
sub-NDARJU805JG5,False,False,False,True
sub-NDARJV225EYT,False,False,False,True
sub-NDARJV268PNW,False,False,False,True
sub-NDARJV377HG4,False,False,False,True
sub-NDARJV411EH6,False,False,False,True
sub-NDARJV547LA3,False,False,True,False
sub-NDARJV697PMQ,False,False,False,True
sub-NDARJW326UED,False,False,False,True
sub-NDARJW373UE3,False,False,False,True
sub-NDARJW503GA0,False,False,False,True
sub-NDARJW691ZFR,False,False,False,True
sub-NDARJW888AJ2,False,False,False,True
sub-NDARJX121GKP,False,False,True,False
sub-NDARJY033DKZ,False,False,True,False
sub-NDARJY141RFE,False,False,True,False
sub-NDARJY577WNJ,False,False,False,True
sub-NDARJY747PRJ,False,False,False,True
sub-NDARJY757LJU,False,False,False,True
sub-NDARJZ089HVP,False,False,False,True
sub-NDARJZ274PRQ,False,False,False,True
sub-NDARJZ526HN3,False,False,False,True
sub-NDARJZ679KXJ,False,False,False,True
sub-NDARKA085YRG,False,False,False,True
sub-NDARKA627LF8,False,False,False,True
sub-NDARKB614KGY,False,False,False,True
sub-NDARKB712GAP,False,False,False,True
sub-NDARKC143BEE,False,False,False,True
sub-NDARKC220LZG,False,False,False,True
sub-NDARKC766JE9,False,False,False,True
sub-NDARKC791WL9,False,False,False,True
sub-NDARKC880ZHY,False,False,False,True
sub-NDARKC978MR4,False,False,False,True
sub-NDARKD134TCX,False,False,False,True
sub-NDARKD168VHJ,False,False,False,True
sub-NDARKD590VF4,False,False,False,True
sub-NDARKE153NEM,False,False,False,True
sub-NDARKE358TFU,False,False,False,True
sub-NDARKE456BVQ,False,False,False,True
sub-NDARKF704MKL,False,False,True,False
sub-NDARKF779EK2,False,False,False,True
sub-NDARKF899ZUB,False,False,False,True
sub-NDARKG408BVL,False,False,False,True
sub-NDARKG697CEW,False,False,False,True
sub-NDARKG718VF7,False,False,False,True
sub-NDARKG990TNT,False,False,False,True
sub-NDARKH168MC1,False,False,True,False
sub-NDARKH171DG8,False,False,False,True
sub-NDARKH291KRE,False,False,False,True
sub-NDARKH837TB2,False,False,False,True
sub-NDARKJ238NTJ,False,False,False,True
sub-NDARKJ743AE4,False,False,True,False
sub-NDARKJ871YD6,False,False,False,True
sub-NDARKK597VDH,False,False,False,True
sub-NDARKK774VP5,False,False,True,False
sub-NDARKL053DWW,False,False,False,True
sub-NDARKL223LLF,False,False,False,True
sub-NDARKM061NHZ,False,False,False,True
sub-NDARKM250ET5,False,False,True,False
sub-NDARKM568HJK,False,False,True,False
sub-NDARKM635UY0,False,False,False,True
sub-NDARKM718VKX,False,False,False,True
sub-NDARKM805EFA,False,False,False,True
sub-NDARKM941XLL,False,False,False,True
sub-NDARKN170UXD,False,False,False,True
sub-NDARKN175HWB,False,False,False,True
sub-NDARKN346XZH,False,False,True,False
sub-NDARKN477EBH,False,False,False,True
sub-NDARKN742LEV,False,False,False,True
sub-NDARKP414AZ5,False,False,False,True
sub-NDARKP815KPZ,False,False,False,True
sub-NDARKP895CJG,False,False,False,True
sub-NDARKR391CMV,False,False,False,True
sub-NDARKT032RYR,False,False,True,False
sub-NDARKT312RUD,False,False,False,True
sub-NDARKT540ZW0,False,False,False,True
sub-NDARKT714TXR,False,False,False,True
sub-NDARKT811ATJ,False,False,False,True
sub-NDARKT952ML4,False,False,False,True
sub-NDARKU198KFL,False,False,False,True
sub-NDARKU278YRR,False,False,False,True
sub-NDARKU616UBL,False,False,False,True
sub-NDARKV800DTW,False,False,False,True
sub-NDARKV965WLU,False,False,False,True
sub-NDARKW565ZT9,False,False,False,True
sub-NDARKW738AMY,False,False,False,True
sub-NDARKX108EG9,False,False,False,True
sub-NDARKX265YX7,False,False,False,True
sub-NDARKX640YF6,False,False,False,True
sub-NDARKX701BJ4,False,False,False,True
sub-NDARKX807KHG,False,False,False,True
sub-NDARKY667THK,False,False,False,True
sub-NDARKY690JBA,False,False,False,True
sub-NDARKZ031NJZ,False,False,False,True
sub-NDARKZ085UKQ,False,False,False,True
sub-NDARKZ198TAA,False,False,False,True
sub-NDARKZ601KWB,False,False,True,False
sub-NDARKZ858GBD,False,False,False,True
sub-NDARKZ949UAL,False,False,False,True
sub-NDARLA226ADX,False,False,True,False
sub-NDARLA457ELH,False,False,True,False
sub-NDARLA869AUX,False,False,True,False
sub-NDARLA998XAC,False,False,False,True
sub-NDARLB581AXF,False,False,False,True
sub-NDARLC770YL9,False,False,False,True
sub-NDARLD016VCA,False,False,False,True
sub-NDARLD042RUL,False,False,False,True
sub-NDARLD071YA7,False,False,False,True
sub-NDARLD287MLP,False,False,False,True
sub-NDARLD501HDK,False,False,False,True
sub-NDARLE282UHJ,False,False,False,True
sub-NDARLE335PRN,False,False,False,True
sub-NDARLE412VD5,False,False,False,True
sub-NDARLE849LCR,False,False,False,True
sub-NDARLF142AF5,False,False,False,True
sub-NDARLF484WJL,False,False,False,True
sub-NDARLF616PBU,False,False,False,True
sub-NDARLG424ZL1,False,False,False,True
sub-NDARLG918MG8,False,False,True,False
sub-NDARLG987WB0,False,False,False,True
sub-NDARLH043YDK,False,False,False,True
sub-NDARLH263KCL,False,False,False,True
sub-NDARLH423CR7,False,False,False,True
sub-NDARLH979WFX,False,False,False,True
sub-NDARLJ168LXY,True,False,True,False
sub-NDARLJ280UCN,False,False,False,True
sub-NDARLJ356HAQ,False,False,False,True
sub-NDARLJ472DLM,False,True,False,False
sub-NDARLJ654TZ0,False,False,False,True
sub-NDARLJ886BFK,False,False,False,True
sub-NDARLJ970DEY,False,False,False,True
sub-NDARLK034DJB,False,False,False,True
sub-NDARLK181GL4,False,False,True,False
sub-NDARLK306VR9,False,False,False,True
sub-NDARLK470PKD,False,False,False,True
sub-NDARLK762JFX,False,False,False,True
sub-NDARLK963HXP,False,False,False,True
sub-NDARLL176DJR,False,False,False,True
sub-NDARLL181EGQ,False,False,False,True
sub-NDARLL386VRE,False,False,False,True
sub-NDARLL572UP2,False,False,False,True
sub-NDARLL720BGU,False,False,False,True
sub-NDARLL846UYQ,False,False,False,True
sub-NDARLL914UW4,False,False,True,False
sub-NDARLM401GXQ,False,True,False,False
sub-NDARLM877UZM,False,False,False,True
sub-NDARLN070VX7,False,False,True,False
sub-NDARLN550RM6,False,False,False,True
sub-NDARLN610AKZ,False,False,False,True
sub-NDARLN620ZA7,False,False,False,True
sub-NDARLN778RYN,False,False,False,True
sub-NDARLP160GHJ,False,False,False,True
sub-NDARLP417RC6,False,False,False,True
sub-NDARLP425JYL,False,False,False,True
sub-NDARLP624GFH,False,False,False,True
sub-NDARLR030EW6,False,False,False,True
sub-NDARLR039GJL,False,False,False,True
sub-NDARLR083PKF,False,True,True,False
sub-NDARLR168NP5,False,False,True,False
sub-NDARLR586MPX,False,False,False,True
sub-NDARLR924YAV,False,False,False,True
sub-NDARLT314TWP,False,False,False,True
sub-NDARLT365LHK,False,False,False,True
sub-NDARLT946JYZ,False,False,False,True
sub-NDARLU606ZDD,False,False,False,True
sub-NDARLU922KGW,False,False,False,True
sub-NDARLV155RW0,False,False,False,True
sub-NDARLV252DY2,False,False,False,True
sub-NDARLV387GP4,False,False,False,True
sub-NDARLV704BPE,False,False,False,True
sub-NDARLV812JXX,False,False,False,True
sub-NDARLW312JT8,False,False,False,True
sub-NDARLX836EHJ,False,False,False,True
sub-NDARLY465LNP,False,False,False,True
sub-NDARLY585ZVN,False,True,False,False
sub-NDARLY867ZD4,False,False,False,True
sub-NDARLY947EXR,False,True,False,False
sub-NDARLYO38AJZ,False,False,False,True
sub-NDARLZ007NHG,False,False,False,True
sub-NDARLZ479CGC,False,False,False,True
sub-NDARMA154FAK,True,False,True,False
sub-NDARMA390CHB,False,False,False,True
sub-NDARMA598JTX,False,False,True,False
sub-NDARMA629XDR,False,False,False,True
sub-NDARMB458AWY,False,False,False,True
sub-NDARMC298UC7,False,False,False,True
sub-NDARMC481AWW,False,False,False,True
sub-NDARMC694YF3,False,False,True,False
sub-NDARMC760NEC,False,False,False,True
sub-NDARMC950EUL,False,False,False,True
sub-NDARMD134JRU,True,False,False,False
sub-NDARMD575AXD,False,False,True,False
sub-NDARMD638CM6,False,False,False,True
sub-NDARMD666RYJ,False,False,False,True
sub-NDARMD987YR6,False,False,False,True
sub-NDARME573TRB,False,False,False,True
sub-NDARME689TAF,False,False,False,True
sub-NDARME724FJE,False,False,False,True
sub-NDARMF116AFR,True,True,False,False
sub-NDARMF560MUH,False,False,False,True
sub-NDARMF846EVR,False,False,False,True
sub-NDARMG239GUV,False,False,False,True
sub-NDARMG263JRX,False,False,False,True
sub-NDARMG355BP1,False,False,False,True
sub-NDARMG405RZK,False,True,True,False
sub-NDARMG675JB4,False,False,False,True
sub-NDARMG741FDL,False,False,True,False
sub-NDARMH180XE5,False,False,False,True
sub-NDARMH364EMW,False,False,False,True
sub-NDARMJ333WJM,False,False,True,False
sub-NDARMJ845MJA,False,False,False,True
sub-NDARMJ849UKD,False,False,False,True
sub-NDARMK046ZRK,False,False,False,True
sub-NDARMK100DJR,False,False,False,True
sub-NDARML024FF2,False,False,False,True
sub-NDARML115LD7,False,False,False,True
sub-NDARML406ZB8,False,False,False,True
sub-NDARML514ZFM,False,False,False,True
sub-NDARMM005DLK,False,False,False,True
sub-NDARMM326JCB,False,False,False,True
sub-NDARMM421CEC,False,False,False,True
sub-NDARMM594VJT,False,False,False,True
sub-NDARMM951YEH,False,False,False,True
sub-NDARMN376BMF,False,False,False,True
sub-NDARMN415AXR,False,False,False,True
sub-NDARMN695VFH,False,False,False,True
sub-NDARMP468WRG,False,False,False,True
sub-NDARMP745EAC,False,False,False,True
sub-NDARMR039JV5,False,False,False,True
sub-NDARMR134HUY,False,True,False,False
sub-NDARMR491LM5,True,False,True,False
sub-NDARMR570GJ5,False,False,False,True
sub-NDARMT064WBB,False,False,False,True
sub-NDARMT126PB3,False,False,False,True
sub-NDARMT151RNN,False,False,True,False
sub-NDARMT575KF6,False,False,False,True
sub-NDARMT732GKM,False,False,False,True
sub-NDARMT784NED,False,False,False,True
sub-NDARMT791WDH,False,False,False,True
sub-NDARMT872JZZ,False,False,False,True
sub-NDARMU053YEU,False,False,False,True
sub-NDARMU161LHN,False,False,False,True
sub-NDARMU228TCQ,False,False,False,True
sub-NDARMU280FXT,False,False,False,True
sub-NDARMU791UN7,False,False,False,True
sub-NDARMV189NXG,False,False,False,True
sub-NDARMV718DYL,False,False,True,False
sub-NDARMW088NNR,False,False,False,True
sub-NDARMW127WL5,False,False,True,False
sub-NDARMW299ZAB,False,False,True,False
sub-NDARMW445NBC,True,False,True,False
sub-NDARMW473LL1,False,False,False,True
sub-NDARMW551YA0,False,False,False,True
sub-NDARMW863HW5,False,False,False,True
sub-NDARMX277VHC,False,False,False,True
sub-NDARMX328VWC,False,False,False,True
sub-NDARMX482GWR,False,False,False,True
sub-NDARMX835PGE,False,False,False,True
sub-NDARMX842MTR,False,False,False,True
sub-NDARMY564AXU,False,True,False,False
sub-NDARMZ096TBD,False,False,True,False
sub-NDARMZ119VPH,False,False,False,True
sub-NDARMZ200GVD,False,False,False,True
sub-NDARMZ518UH1,False,False,False,True
sub-NDARMZ687XRR,False,False,False,True
sub-NDARMZ790VHM,False,False,False,True
sub-NDARMZ936WYB,False,False,True,False
sub-NDARNA004AGP,False,False,False,True
sub-NDARNA055LLN,False,False,False,True
sub-NDARNA360JWE,False,False,True,False
sub-NDARNA421FL7,False,False,False,True
sub-NDARNA432BV0,False,False,False,True
sub-NDARNA455LV4,False,False,False,True
sub-NDARNA660PPK,False,False,False,True
sub-NDARNA768ZAK,False,False,False,True
sub-NDARNB390JL3,False,False,False,True
sub-NDARNB427ARE,False,False,False,True
sub-NDARNB442LR7,False,False,False,True
sub-NDARNB579TCQ,False,False,False,True
sub-NDARNB674VMY,False,False,True,False
sub-NDARNB738TM9,False,False,False,True
sub-NDARNB773ECT,False,False,False,True
sub-NDARNC130ZLK,False,False,False,True
sub-NDARNC261HDT,False,False,True,False
sub-NDARNC287MK5,False,False,False,True
sub-NDARNC374XEL,False,False,False,True
sub-NDARNC405WJA,False,False,False,True
sub-NDARNC489BX5,False,False,False,True
sub-NDARND085WZK,False,False,False,True
sub-NDARND348HB3,False,False,False,True
sub-NDARND604TNB,False,False,False,True
sub-NDARNE098NPR,False,False,False,True
sub-NDARNE729PN2,False,False,True,False
sub-NDARNE758RD6,False,False,True,False
sub-NDARNE800DCT,False,False,False,True
sub-NDARNE906EJA,False,False,False,True
sub-NDARNF362NU0,False,False,False,True
sub-NDARNF525CRN,False,False,False,True
sub-NDARNG108PFB,False,False,False,True
sub-NDARNG968RB9,False,False,False,True
sub-NDARNH110NV6,False,False,True,False
sub-NDARNH170TJU,True,True,True,False
sub-NDARNH285EWA,False,False,False,True
sub-NDARNH766CU7,False,False,False,True
sub-NDARNH862EMH,False,False,True,False
sub-NDARNJ885TY4,False,False,False,True
sub-NDARNJ899HW7,False,False,False,True
sub-NDARNK064DXY,False,False,False,True
sub-NDARNK139XNA,False,False,False,True
sub-NDARNK329VC3,False,False,False,True
sub-NDARNK489GNR,False,False,False,True
sub-NDARNK768THB,False,False,False,True
sub-NDARNL587LVL,False,False,False,True
sub-NDARNL765BBR,False,False,False,True
sub-NDARNL887YUJ,False,False,True,False
sub-NDARNL982TBG,False,False,False,True
sub-NDARNM068ZRC,False,False,False,True
sub-NDARNM364WVH,False,False,True,False
sub-NDARNM783ZVV,False,False,False,True
sub-NDARNM838ABN,False,False,False,True
sub-NDARNN042YCH,False,False,False,True
sub-NDARNN142WYB,False,False,False,True
sub-NDARNN493WMD,False,False,False,True
sub-NDARNN624AMU,False,False,False,True
sub-NDARNN989FZ4,False,False,False,True
sub-NDARNP370WGP,False,False,False,True
sub-NDARNP423EJQ,False,False,False,True
sub-NDARNP643KZH,False,False,False,True
sub-NDARNP812WAQ,False,False,False,True
sub-NDARNP956FPR,False,False,False,True
sub-NDARNP962TJK,False,False,False,True
sub-NDARNR773DL4,False,False,False,True
sub-NDARNT277FMR,False,False,False,True
sub-NDARNT461KNF,False,False,False,True
sub-NDARNT541VT2,False,False,True,False
sub-NDARNT676ZN4,False,False,False,True
sub-NDARNT898ZPF,False,False,False,True
sub-NDARNU137XR4,False,False,False,True
sub-NDARNU497GTX,False,False,False,True
sub-NDARNV094DMP,False,False,False,True
sub-NDARNV124WR8,False,False,False,True
sub-NDARNV375KEK,False,False,False,True
sub-NDARNV399BV4,False,False,False,True
sub-NDARNV694EMG,False,False,False,True
sub-NDARNV983DET,False,False,False,True
sub-NDARNW099DC7,False,False,False,True
sub-NDARNW687HMZ,False,False,False,True
sub-NDARNX050XBN,False,False,False,True
sub-NDARNX218UY5,False,False,False,True
sub-NDARNX218VBX,False,False,False,True
sub-NDARNX477HZ4,False,False,False,True
sub-NDARNX562GP3,False,False,False,True
sub-NDARNX843CD9,False,False,False,True
sub-NDARNY205RK8,False,False,True,False
sub-NDARNY217PLD,False,False,False,True
sub-NDARNY894TH7,False,False,False,True
sub-NDARNZ043VH0,False,False,False,True
sub-NDARNZ084JVC,False,False,False,True
sub-NDARNZ141GNH,False,False,False,True
sub-NDARNZ433DDH,False,False,False,True
sub-NDARNZ526XKF,False,False,False,True
sub-NDARNZ615UEU,False,False,True,False
sub-NDARPA005VVK,True,False,True,False
sub-NDARPA699GD3,False,False,False,True
sub-NDARPA750HZ1,False,False,False,True
sub-NDARPA827UBJ,False,False,False,True
sub-NDARPB701XDP,False,False,False,True
sub-NDARPB967KU7,False,False,False,True
sub-NDARPB984UTU,False,False,False,True
sub-NDARPC301UWR,False,False,False,True
sub-NDARPC352WZJ,False,False,False,True
sub-NDARPC356JKP,False,False,False,True
sub-NDARPC425VY2,False,False,False,True
sub-NDARPC745LTD,False,False,False,True
sub-NDARPC817XZ5,False,False,False,True
sub-NDARPC931KR1,False,True,False,False
sub-NDARPC937PX8,False,False,False,True
sub-NDARPD517MDH,False,False,False,True
sub-NDARPD572XRC,False,False,False,True
sub-NDARPE056ACA,False,False,False,True
sub-NDARPE424GZZ,False,False,False,True
sub-NDARPE623MBW,False,False,False,True
sub-NDARPE830YU0,False,True,True,False
sub-NDARPF362VH8,False,False,False,True
sub-NDARPF395NV5,False,False,False,True
sub-NDARPF682GDC,False,True,True,False
sub-NDARPF988BBV,False,False,False,True
sub-NDARPG082MTJ,False,False,False,True
sub-NDARPG847LB8,False,False,False,True
sub-NDARPG873DJP,False,False,False,True
sub-NDARPG874CMG,False,False,False,True
sub-NDARPH022TRY,False,False,False,True
sub-NDARPH105ZFF,False,False,False,True
sub-NDARPH474YF3,False,False,False,True
sub-NDARPH637HAZ,False,False,False,True
sub-NDARPH844KP2,False,False,False,True
sub-NDARPJ151ERK,False,False,False,True
sub-NDARPJ691NEU,False,True,False,False
sub-NDARPJ763DV1,False,False,False,True
sub-NDARPK095XX5,False,False,False,True
sub-NDARPK223WVZ,False,False,False,True
sub-NDARPK337CLE,False,False,False,True
sub-NDARPK522DVQ,False,False,False,True
sub-NDARPK597XH0,False,False,False,True
sub-NDARPL306LC6,False,False,False,True
sub-NDARPL406KX4,False,False,False,True
sub-NDARPL440BX5,False,False,False,True
sub-NDARPL479LHN,False,False,False,True
sub-NDARPL501ZUU,False,False,False,True
sub-NDARPL651MD5,False,False,False,True
sub-NDARPL898TYW,False,False,False,True
sub-NDARPM172XGD,False,False,False,True
sub-NDARPM572ZZV,False,False,False,True
sub-NDARPN418ZKT,False,False,False,True
sub-NDARPN886HH9,False,False,False,True
sub-NDARPP150TNR,False,False,False,True
sub-NDARPP255LGE,False,False,False,True
sub-NDARPP806NL2,False,False,False,True
sub-NDARPR799VX4,False,False,True,False
sub-NDARPR943MYP,False,False,False,True
sub-NDARPT417LW6,False,False,False,True
sub-NDARPT497YFZ,False,False,False,True
sub-NDARPT665ADN,False,False,False,True
sub-NDARPT777FDA,False,False,False,True
sub-NDARPU887XGA,False,False,False,True
sub-NDARPU897CM5,False,False,True,False
sub-NDARPU981GWF,False,False,False,True
sub-NDARPV145KGL,False,False,False,True
sub-NDARPV412JEN,False,False,False,True
sub-NDARPV423ECQ,False,False,False,True
sub-NDARPV595RWB,False,False,False,True
sub-NDARPV614TV9,False,False,True,False
sub-NDARPW313LAJ,False,False,False,True
sub-NDARPW577WJ7,False,False,False,True
sub-NDARPW635LN4,False,False,False,True
sub-NDARPW746FWF,False,False,False,True
sub-NDARPW786GC4,False,True,False,False
sub-NDARPX219TW0,False,False,False,True
sub-NDARPX661BF1,False,False,False,True
sub-NDARPY297MD8,False,False,False,True
sub-NDARPY302MV9,False,False,False,True
sub-NDARPY478YM0,False,False,False,True
sub-NDARPY792XRK,False,False,False,True
sub-NDARPZ020AH8,False,True,True,False
sub-NDARPZ720WKW,False,False,False,True
sub-NDARRA383KVQ,False,False,False,True
sub-NDARRA717GYV,False,False,False,True
sub-NDARRA767WB7,False,False,False,True
sub-NDARRA804NPT,False,False,False,True
sub-NDARRA908XA2,False,False,True,False
sub-NDARRB788TBA,False,False,False,True
sub-NDARRB942UWU,False,False,False,True
sub-NDARRC348AFG,False,False,True,False
sub-NDARRD326KB9,False,False,False,True
sub-NDARRD943ZWU,False,True,False,False
sub-NDARRE063LG2,False,False,False,True
sub-NDARRE214UKF,True,True,True,False
sub-NDARRE265KWF,False,False,False,True
sub-NDARRF011FG0,False,False,False,True
sub-NDARRF415CBE,False,False,False,True
sub-NDARRF676GBD,False,False,False,True
sub-NDARRF897HB5,False,False,False,True
sub-NDARRG028CAD,False,False,False,True
sub-NDARRG499ZWN,False,False,False,True
sub-NDARRG536CVP,False,False,False,True
sub-NDARRG973HJQ,False,False,False,True
sub-NDARRH407MEY,False,False,False,True
sub-NDARRH908NZD,False,False,False,True
sub-NDARRJ130PV7,False,False,False,True
sub-NDARRJ938NT7,False,False,False,True
sub-NDARRK096TF0,False,False,False,True
sub-NDARRK135YAZ,False,False,False,True
sub-NDARRK163VY8,False,False,False,True
sub-NDARRK429WD3,False,False,False,True
sub-NDARRK431RX8,False,False,True,False
sub-NDARRK617NRL,False,False,False,True
sub-NDARRK788DV7,False,False,False,True
sub-NDARRK882CLT,False,False,False,True
sub-NDARRL030XD8,False,False,False,True
sub-NDARRL379BET,False,False,False,True
sub-NDARRL660CME,False,False,False,True
sub-NDARRL685WB7,False,False,False,True
sub-NDARRM467NP2,False,False,False,True
sub-NDARRM586XYL,False,False,False,True
sub-NDARRN047XHC,False,False,False,True
sub-NDARRN143CV4,False,False,False,True
sub-NDARRN626DC4,False,False,False,True
sub-NDARRN880XA0,False,False,True,False
sub-NDARRP008LJ6,False,False,False,True
sub-NDARRP163YRC,False,False,False,True
sub-NDARRP175MBY,False,False,False,True
sub-NDARRP614EBU,False,False,False,True
sub-NDARRP801AX1,False,False,True,False
sub-NDARRP818DWL,False,False,False,True
sub-NDARRR464UTB,False,False,False,True
sub-NDARRR570MC0,False,False,False,True
sub-NDARRR595LRJ,False,False,False,True
sub-NDARRR633WLE,False,False,False,True
sub-NDARRT038VG1,False,False,False,True
sub-NDARRT579TEL,False,False,False,True
sub-NDARRT854TMV,False,False,False,True
sub-NDARRT994KAA,False,False,False,True
sub-NDARRU499DP2,False,False,True,False
sub-NDARRU560AGK,False,False,False,True
sub-NDARRU751ATE,False,False,False,True
sub-NDARRU820CXW,False,False,True,False
sub-NDARRV002MA8,False,False,False,True
sub-NDARRV097NU1,False,False,False,True
sub-NDARRV410KY1,False,False,True,False
sub-NDARRV480PU1,False,False,False,True
sub-NDARRV688GUX,False,False,False,True
sub-NDARRV955LPW,False,False,False,True
sub-NDARRW141HUT,False,False,False,True
sub-NDARRW481GFE,False,False,False,True
sub-NDARRW536ZM2,False,False,False,True
sub-NDARRW643DHJ,False,False,False,True
sub-NDARRW940BL6,False,False,False,True
sub-NDARRX443NVT,False,False,False,True
sub-NDARRX552PP2,False,False,False,True
sub-NDARRX819BZ0,False,False,False,True
sub-NDARRY126FA5,False,False,False,True
sub-NDARRY214YDW,False,False,False,True
sub-NDARRY280KNW,False,False,False,True
sub-NDARRY715CY4,False,False,False,True
sub-NDARRY792KY1,False,False,False,True
sub-NDARRY807MXC,False,False,False,True
sub-NDARRY885YL9,False,False,False,True
sub-NDARRZ120VU2,False,False,False,True
sub-NDARRZ356HET,True,True,True,False
sub-NDARRZ606EDP,False,False,False,True
sub-NDARRZ640EG2,False,False,False,True
sub-NDARRZ940HX6,False,False,False,True
sub-NDARRZ993EL4,False,True,True,False
sub-NDARTA344CCA,True,False,True,False
sub-NDARTA920XFC,False,False,False,True
sub-NDARTB003FDD,False,False,False,True
sub-NDARTB173LY2,False,False,False,True
sub-NDARTB219AJV,False,False,False,True
sub-NDARTB883GUN,True,False,True,False
sub-NDARTC527WPZ,False,False,False,True
sub-NDARTC710UM1,False,False,False,True
sub-NDARTC802PGL,False,False,False,True
sub-NDARTC944BJY,False,False,False,True
sub-NDARTD468TUH,False,False,False,True
sub-NDARTD624AF9,False,False,False,True
sub-NDARTE159EC4,False,False,False,True
sub-NDARTE424BUF,False,False,False,True
sub-NDARTE432ZRH,False,False,False,True
sub-NDARTE551TFV,False,False,False,True
sub-NDARTE553VC1,False,False,False,True
sub-NDARTE752PYH,False,False,False,True
sub-NDARTE785ZMJ,False,False,True,False
sub-NDARTF079JGU,False,False,False,True
sub-NDARTF081PRL,False,False,False,True
sub-NDARTF133LLM,False,False,False,True
sub-NDARTF150VPJ,False,False,False,True
sub-NDARTF378MX6,False,False,False,True
sub-NDARTF566PYH,False,False,False,True
sub-NDARTF720AGD,False,False,False,True
sub-NDARTF825ADA,False,False,False,True
sub-NDARTG035JK8,False,False,False,True
sub-NDARTG681ZDV,False,False,False,True
sub-NDARTG706ZV8,False,True,True,False
sub-NDARTG982UC3,False,False,False,True
sub-NDARTH065GZ0,False,False,False,True
sub-NDARTH173DWQ,False,False,False,True
sub-NDARTH261GB5,False,False,False,True
sub-NDARTH433TE0,False,False,True,False
sub-NDARTH459BLU,False,False,False,True
sub-NDARTH473LF8,False,False,False,True
sub-NDARTH529YKZ,False,False,False,True
sub-NDARTH990UEC,False,False,False,True
sub-NDARTJ032FJ2,False,False,False,True
sub-NDARTJ862ENU,False,False,True,False
sub-NDARTK507RJW,False,False,False,True
sub-NDARTK524HRR,False,False,False,True
sub-NDARTK667PGK,False,False,False,True
sub-NDARTK691PJJ,False,False,False,True
sub-NDARTK834FT9,False,False,False,True
sub-NDARTK878GZK,True,False,True,False
sub-NDARTK933KL9,False,False,True,False
sub-NDARTK950DY5,False,False,False,True
sub-NDARTL667CCG,False,False,False,True
sub-NDARTL878RZ2,False,False,False,True
sub-NDARTL923DPX,False,False,False,True
sub-NDARTM287BKX,False,False,False,True
sub-NDARTM712HBD,False,False,False,True
sub-NDARTN158LRF,False,False,False,True
sub-NDARTN365HEV,True,False,True,False
sub-NDARTN464MWT,False,False,False,True
sub-NDARTN483XE4,False,False,False,True
sub-NDARTN487KDK,True,False,True,False
sub-NDARTN709KEY,False,False,False,True
sub-NDARTN712UJK,False,False,False,True
sub-NDARTN760YH8,False,False,False,True
sub-NDARTN793TBY,False,False,False,True
sub-NDARTN842FEV,False,False,False,True
sub-NDARTP313AGH,False,False,False,True
sub-NDARTP795WU2,False,False,False,True
sub-NDARTR175UDC,False,False,False,True
sub-NDARTT383DPY,False,False,True,False
sub-NDARTT411JAR,False,False,False,True
sub-NDARTT476DAT,False,False,False,True
sub-NDARTT667RKQ,False,False,False,True
sub-NDARTT979FDD,False,False,True,False
sub-NDARTU644WHZ,False,False,False,True
sub-NDARTU777GVV,False,False,False,True
sub-NDARTV031GX8,False,False,False,True
sub-NDARTV107XD4,False,False,False,True
sub-NDARTV119WJK,False,False,False,True
sub-NDARTV222FA9,False,True,False,False
sub-NDARTV480WBU,False,False,False,True
sub-NDARTV776ZJ8,False,False,False,True
sub-NDARTW456RAG,False,False,False,True
sub-NDARTW501ZKN,False,False,False,True
sub-NDARTW567YUQ,False,False,False,True
sub-NDARTW850GHU,False,False,False,True
sub-NDARTW855BPJ,False,False,False,True
sub-NDARTX575YBU,False,False,False,True
sub-NDARTX659HAF,False,False,False,True
sub-NDARTX795AKR,False,False,False,True
sub-NDARTX843YTH,False,False,False,True
sub-NDARTX934NH6,False,False,False,True
sub-NDARTY010EYP,False,False,False,True
sub-NDARTY533VXQ,False,False,False,True
sub-NDARTY549YDG,False,False,False,True
sub-NDARTZ018PD5,False,False,False,True
sub-NDARTZ403MC0,False,False,False,True
sub-NDARTZ926NMZ,False,False,False,True
sub-NDARUA821NUN,False,False,False,True
sub-NDARUB100PP9,False,False,False,True
sub-NDARUB119BLT,False,False,False,True
sub-NDARUB495UD1,False,False,False,True
sub-NDARUB690GWK,False,False,False,True
sub-NDARUB828HR8,False,False,False,True
sub-NDARUC022JWT,False,False,False,True
sub-NDARUC144FN6,False,False,False,True
sub-NDARUC308ZLR,False,False,False,True
sub-NDARUC356FCD,False,False,False,True
sub-NDARUC591FWN,False,False,True,False
sub-NDARUC629ZHX,False,False,False,True
sub-NDARUC980NZ5,False,False,True,False
sub-NDARUC994BLZ,False,True,True,False
sub-NDARUD306BB0,False,False,False,True
sub-NDARUD394JAW,False,False,False,True
sub-NDARUD637TU2,False,False,False,True
sub-NDARUD894UP6,False,False,False,True
sub-NDARUE113AXB,False,False,False,True
sub-NDARUE605HGP,False,False,False,True
sub-NDARUF152ARR,False,False,False,True
sub-NDARUF170ABA,False,False,False,True
sub-NDARUF210FRD,False,False,False,True
sub-NDARUF236HM7,False,False,True,False
sub-NDARUF540ZJ1,False,False,True,False
sub-NDARUF588WT6,False,False,False,True
sub-NDARUF850XKH,False,False,False,True
sub-NDARUG099ZDH,False,False,False,True
sub-NDARUG323DM3,False,False,False,True
sub-NDARUH536DUK,False,False,False,True
sub-NDARUJ111XEZ,False,False,False,True
sub-NDARUJ182TDW,False,False,False,True
sub-NDARUJ391DB3,False,False,False,True
sub-NDARUJ744NEU,False,False,True,False
sub-NDARUJ779NM0,False,False,False,True
sub-NDARUJ894ZXG,False,False,False,True
sub-NDARUK025ZFT,False,False,True,False
sub-NDARUK054GTN,False,False,True,False
sub-NDARUK101YT3,False,False,False,True
sub-NDARUK537ZXC,False,False,False,True
sub-NDARUK588UY6,False,False,False,True
sub-NDARUK658FMU,False,False,False,True
sub-NDARUK719URM,False,True,True,False
sub-NDARUK931MGT,False,False,False,True
sub-NDARUL077YNE,False,False,False,True
sub-NDARUL160DMT,False,False,True,False
sub-NDARUL224GN6,False,False,False,True
sub-NDARUL250RA6,False,False,False,True
sub-NDARUL290YKN,False,False,False,True
sub-NDARUL454XRE,False,False,False,True
sub-NDARUL456EER,False,False,False,True
sub-NDARUL636NGK,False,False,False,True
sub-NDARUL675RXW,False,True,False,False
sub-NDARUL694GYN,False,False,False,True
sub-NDARUL945XUU,False,False,False,True
sub-NDARUM301RDE,False,False,False,True
sub-NDARUM721FCJ,False,False,False,True
sub-NDARUM756CXD,False,False,False,True
sub-NDARUM791WPF,False,False,False,True
sub-NDARUM797TFA,False,False,False,True
sub-NDARUN221VCJ,False,False,False,True
sub-NDARUN300FG1,False,False,False,True
sub-NDARUN908KRJ,False,False,False,True
sub-NDARUP000VHQ,False,False,False,True
sub-NDARUP067TM8,False,False,False,True
sub-NDARUP249AMD,False,False,False,True
sub-NDARUP441BKK,False,False,False,True
sub-NDARUP735CM8,False,False,True,False
sub-NDARUR009YJM,False,False,False,True
sub-NDARUR126CFH,False,False,False,True
sub-NDARUR724ZHG,False,False,False,True
sub-NDARUR987CDM,False,False,False,True
sub-NDARUT018UYN,False,False,False,True
sub-NDARUT136EUY,False,False,False,True
sub-NDARUT142RT3,False,False,False,True
sub-NDARUT607MWK,False,False,False,True
sub-NDARUT651WFC,False,False,False,True
sub-NDARUT880HVY,False,False,False,True
sub-NDARUU245TF1,False,False,False,True
sub-NDARUU314RH7,False,False,False,True
sub-NDARUU801VFA,False,True,False,False
sub-NDARUU939VRT,False,False,False,True
sub-NDARUU991VRE,False,False,False,True
sub-NDARUV041YCY,False,False,False,True
sub-NDARUV578DU2,False,False,False,True
sub-NDARUW206XUG,False,True,False,False
sub-NDARUW377KAE,False,False,False,True
sub-NDARUW816MP3,False,False,False,True
sub-NDARUW904FMQ,False,False,False,True
sub-NDARUX086TVT,False,False,True,False
sub-NDARUX187JTB,False,False,False,True
sub-NDARUX216VHK,True,True,True,False
sub-NDARUX284GGB,False,False,False,True
sub-NDARUX368CL6,False,False,False,True
sub-NDARUX534HZQ,False,False,False,True
sub-NDARUX818MGE,False,False,False,True
sub-NDARUX885LMW,False,False,False,True
sub-NDARUX886JLM,False,False,False,True
sub-NDARUX911VE1,False,False,False,True
sub-NDARUY024RVP,False,False,False,True
sub-NDARUY379PT5,False,False,True,False
sub-NDARUY529FNK,False,False,False,True
sub-NDARUY549PGQ,False,False,False,True
sub-NDARUY730ANT,False,False,False,True
sub-NDARUY811CYU,False,False,False,True
sub-NDARUY818JG8,False,False,False,True
sub-NDARUY825AKX,False,False,False,True
sub-NDARUZ062BWR,False,False,False,True
sub-NDARUZ200NRJ,False,False,False,True
sub-NDARUZ206DRV,False,False,False,True
sub-NDARUZ345THD,False,False,False,True
sub-NDARUZ368BT4,False,True,False,False
sub-NDARUZ408MRL,False,False,False,True
sub-NDARUZ601TW4,False,False,False,True
sub-NDARUZ818ADU,False,False,False,True
sub-NDARUZ859WCN,False,False,False,True
sub-NDARVA930UA3,False,False,False,True
sub-NDARVB297WUM,False,False,False,True
sub-NDARVB587ECK,False,False,False,True
sub-NDARVB588TM7,False,False,False,True
sub-NDARVB727UJC,False,False,False,True
sub-NDARVB819ENX,False,False,True,False
sub-NDARVB897AH1,False,False,False,True
sub-NDARVB902GA5,False,False,False,True
sub-NDARVC140PKY,False,False,False,True
sub-NDARVC195NLH,False,False,False,True
sub-NDARVC305AC6,False,False,False,True
sub-NDARVC318GTX,False,False,False,True
sub-NDARVC558CAA,False,False,False,True
sub-NDARVC821LP9,False,False,False,True
sub-NDARVC956HHP,False,False,False,True
sub-NDARVD194JX2,False,False,False,True
sub-NDARVD219XN1,False,False,False,True
sub-NDARVD552PRC,False,False,False,True
sub-NDARVD599VP2,False,False,True,False
sub-NDARVD635FX8,False,False,False,True
sub-NDARVD685RRJ,False,False,False,True
sub-NDARVF039ZLX,False,False,False,True
sub-NDARVF159VP9,False,False,False,True
sub-NDARVF786FUU,False,False,False,True
sub-NDARVF852TZ4,False,False,False,True
sub-NDARVF884HMM,False,False,True,False
sub-NDARVG127VW5,False,False,False,True
sub-NDARVG132NF6,False,False,False,True
sub-NDARVG597HNL,False,False,False,True
sub-NDARVG675EJ0,False,False,False,True
sub-NDARVG761NR2,False,False,False,True
sub-NDARVG808PKQ,False,False,False,True
sub-NDARVH153RE7,False,False,True,False
sub-NDARVH565FX9,False,False,False,True
sub-NDARVJ072EHU,False,False,False,True
sub-NDARVJ394TEC,False,False,False,True
sub-NDARVJ468UZC,False,False,False,True
sub-NDARVJ685ZW5,False,False,False,True
sub-NDARVJ687ENB,False,False,False,True
sub-NDARVK196LEK,False,False,False,True
sub-NDARVK407TGE,False,False,True,False
sub-NDARVK499ETJ,False,True,False,False
sub-NDARVK847ZRT,False,False,False,True
sub-NDARVK922KE5,False,False,False,True
sub-NDARVL555VVA,False,False,False,True
sub-NDARVL697YGK,False,False,False,True
sub-NDARVL964HH1,False,False,False,True
sub-NDARVM025NCF,False,False,False,True
sub-NDARVM586CBM,False,False,False,True
sub-NDARVM774PA5,False,False,False,True
sub-NDARVN020FRK,False,False,False,True
sub-NDARVN270UU2,False,False,False,True
sub-NDARVN363NNQ,False,False,False,True
sub-NDARVN370YL8,False,False,False,True
sub-NDARVN629CRD,False,False,False,True
sub-NDARVN892TCF,False,False,False,True
sub-NDARVN914ZMX,False,False,False,True
sub-NDARVN920VHJ,False,False,False,True
sub-NDARVP109DF0,False,False,False,True
sub-NDARVP135ZGE,False,False,False,True
sub-NDARVP285RXV,False,False,False,True
sub-NDARVP520BAW,False,False,False,True
sub-NDARVP689NR0,False,False,True,False
sub-NDARVP799KGY,False,False,False,True
sub-NDARVP894EX0,False,False,False,True
sub-NDARVR601FUT,False,False,False,True
sub-NDARVR636CY5,False,False,False,True
sub-NDARVT488RXJ,False,False,False,True
sub-NDARVU416CR6,False,False,False,True
sub-NDARVU464RBF,False,False,False,True
sub-NDARVU647ED2,False,False,False,True
sub-NDARVU683CTN,False,False,False,True
sub-NDARVU883NDE,False,False,False,True
sub-NDARVV095CTT,False,False,False,True
sub-NDARVV174JHW,False,False,False,True
sub-NDARVV199XK2,False,False,True,False
sub-NDARVV316WML,False,False,False,True
sub-NDARVV473XTY,False,False,False,True
sub-NDARVV704MND,False,False,False,True
sub-NDARVV926KLM,False,False,False,True
sub-NDARVW217KW6,False,False,False,True
sub-NDARVX111CNA,False,False,False,True
sub-NDARVX185WX2,False,False,True,False
sub-NDARVX337AC0,False,False,False,True
sub-NDARVX769HEQ,False,False,False,True
sub-NDARVY054WEA,False,False,False,True
sub-NDARVY366HWJ,False,False,False,True
sub-NDARVY860TY0,True,True,False,False
sub-NDARVY962GB5,False,False,False,True
sub-NDARVZ078KTW,False,False,False,True
sub-NDARVZ525AA0,False,False,False,True
sub-NDARWA102TY7,False,False,True,False
sub-NDARWA351ZE2,False,False,False,True
sub-NDARWA433WYZ,False,False,False,True
sub-NDARWA513WM2,False,False,False,True
sub-NDARWA542JCG,False,False,False,True
sub-NDARWA544RDT,False,False,False,True
sub-NDARWA606FWB,False,False,False,True
sub-NDARWA622HHZ,False,False,True,False
sub-NDARWB179TJ0,False,False,False,True
sub-NDARWB471PET,False,False,False,True
sub-NDARWB782FLR,False,False,False,True
sub-NDARWC399JLD,False,False,False,True
sub-NDARWC426HEA,False,False,False,True
sub-NDARWC427JB2,False,False,False,True
sub-NDARWD585PRZ,False,False,False,True
sub-NDARWD655AAA,False,False,False,True
sub-NDARWD911WBU,False,False,False,True
sub-NDARWE059CKP,False,False,False,True
sub-NDARWE818UA6,False,False,False,True
sub-NDARWE898TG8,False,False,False,True
sub-NDARWE908KF8,False,False,False,True
sub-NDARWF086XF8,False,False,True,False
sub-NDARWF259RB2,False,False,False,True
sub-NDARWF514TW5,False,False,False,True
sub-NDARWF545PCM,False,False,False,True
sub-NDARWF593BNF,False,False,True,False
sub-NDARWG200CUE,False,False,False,True
sub-NDARWH029PET,False,False,False,True
sub-NDARWH778CPD,False,False,False,True
sub-NDARWH779MZ2,False,False,False,True
sub-NDARWJ321WKG,False,False,False,True
sub-NDARWJ498CZY,False,False,False,True
sub-NDARWK051GG4,False,False,False,True
sub-NDARWK212ZPX,False,False,False,True
sub-NDARWK605KC3,False,False,False,True
sub-NDARWK626PFY,False,False,False,True
sub-NDARWK983JFE,False,False,True,False
sub-NDARWL656URE,True,True,False,False
sub-NDARWM620AX5,False,False,False,True
sub-NDARWM656UWL,False,False,False,True
sub-NDARWM682YJ0,False,False,False,True
sub-NDARWM683XYZ,False,False,False,True
sub-NDARWN169DHY,False,False,True,False
sub-NDARWN424BPK,False,False,False,True
sub-NDARWN580TUL,False,False,False,True
sub-NDARWN709HA2,True,False,False,False
sub-NDARWN739ED2,False,False,False,True
sub-NDARWN885MGD,False,False,False,True
sub-NDARWP112TDL,False,False,False,True
sub-NDARWP157RYM,False,False,True,False
sub-NDARWP458FH7,False,False,False,True
sub-NDARWP595TE6,False,False,False,True
sub-NDARWP634RZL,False,False,True,False
sub-NDARWP815VUP,False,False,False,True
sub-NDARWP817CVB,False,False,True,False
sub-NDARWP954GPJ,False,False,False,True
sub-NDARWR007EUF,False,False,False,True
sub-NDARWR112FNP,False,False,False,True
sub-NDARWR448MER,False,False,False,True
sub-NDARWR509KGZ,False,False,False,True
sub-NDARWR624NF4,False,False,False,True
sub-NDARWR628EFJ,False,False,False,True
sub-NDARWR732NZE,False,False,False,True
sub-NDARWR888KKT,False,False,False,True
sub-NDARWT389BYY,False,True,False,False
sub-NDARWT449PUN,False,False,False,True
sub-NDARWT538DBC,False,False,True,False
sub-NDARWT694TXM,False,False,False,True
sub-NDARWT715BMK,False,False,False,True
sub-NDARWU381EF7,False,True,False,False
sub-NDARWU876CWH,False,False,False,True
sub-NDARWU936JGG,False,False,False,True
sub-NDARWV091RWT,False,False,False,True
sub-NDARWV313RH7,False,False,False,True
sub-NDARWV405ZW0,False,False,False,True
sub-NDARWV449GEM,False,False,False,True
sub-NDARWV452YZN,False,False,False,True
sub-NDARWV568MEU,False,False,True,False
sub-NDARWV625CRP,False,False,False,True
sub-NDARWV769JM7,False,False,False,True
sub-NDARWV794VM2,False,False,False,True
sub-NDARWV938NKD,False,False,False,True
sub-NDARWW003WWW,False,False,True,False
sub-NDARWW005GCU,False,False,False,True
sub-NDARWW790AKX,False,False,False,True
sub-NDARWW820WZN,False,False,False,True
sub-NDARWX173EFW,False,False,False,True
sub-NDARWX338NDL,False,False,True,False
sub-NDARWX376FTQ,False,False,True,False
sub-NDARWX418UXX,False,False,True,False
sub-NDARWX605LAD,False,False,True,False
sub-NDARWY235XNE,False,False,False,True
sub-NDARWY762UNN,False,False,False,True
sub-NDARWZ024UYK,False,False,False,True
sub-NDARWZ115KC6,False,False,False,True
sub-NDARWZ495PG4,False,False,True,False
sub-NDARWZ903DD2,False,False,False,True
sub-NDARXB023AMW,False,False,False,True
sub-NDARXB286YBR,False,True,False,False
sub-NDARXB443TWA,False,False,False,True
sub-NDARXB692PXC,False,False,False,True
sub-NDARXB889WUB,False,False,True,False
sub-NDARXC055JGA,False,False,False,True
sub-NDARXC058VZG,False,False,False,True
sub-NDARXC266NHY,False,False,False,True
sub-NDARXC828NXQ,False,False,False,True
sub-NDARXC962XNK,False,False,False,True
sub-NDARXD388TTE,False,False,False,True
sub-NDARXD710RLN,False,False,False,True
sub-NDARXD907ZJL,False,False,False,True
sub-NDARXD944ZXV,False,True,False,False
sub-NDARXE132BTC,False,False,False,True
sub-NDARXE242KMQ,False,False,False,True
sub-NDARXE542EMB,False,False,True,False
sub-NDARXE638NCB,False,False,False,True
sub-NDARXE854EDK,False,False,False,True
sub-NDARXE912NZP,False,False,False,True
sub-NDARXF203DCD,False,False,True,False
sub-NDARXF223XK6,False,False,False,True
sub-NDARXF294ME0,False,False,False,True
sub-NDARXF711LJ9,False,False,True,False
sub-NDARXF711XE8,False,False,False,True
sub-NDARXF766BLW,False,False,False,True
sub-NDARXF860CZ7,False,False,False,True
sub-NDARXF890FLA,False,False,True,False
sub-NDARXG108HK2,False,False,False,True
sub-NDARXG469XGP,False,False,False,True
sub-NDARXG571WPL,False,False,False,True
sub-NDARXG670HFE,False,False,False,True
sub-NDARXG710BVQ,False,False,False,True
sub-NDARXG736VP9,False,False,False,True
sub-NDARXG799KWJ,False,False,False,True
sub-NDARXG961UAB,False,False,False,True
sub-NDARXG995EV6,False,True,True,False
sub-NDARXH140YZ0,False,False,False,True
sub-NDARXH270TJ8,True,True,True,False
sub-NDARXH393TMM,False,False,False,True
sub-NDARXH529MTX,False,False,False,True
sub-NDARXH597ML1,False,False,False,True
sub-NDARXH654EPQ,False,False,False,True
sub-NDARXJ635PWG,False,False,False,True
sub-NDARXJ896XFC,False,False,False,True
sub-NDARXJ973GFA,False,False,False,True
sub-NDARXK009VGV,False,False,False,True
sub-NDARXK076XU8,False,False,False,True
sub-NDARXK254YD2,False,False,False,True
sub-NDARXK303DDB,False,False,False,True
sub-NDARXK986EK6,False,False,False,True
sub-NDARXL023GFG,False,False,False,True
sub-NDARXL697DA6,False,False,False,True
sub-NDARXN140AZE,False,False,False,True
sub-NDARXN246RND,False,False,False,True
sub-NDARXN325JBD,False,False,False,True
sub-NDARXN641PWT,False,False,False,True
sub-NDARXN764AC7,False,False,False,True
sub-NDARXN821BKB,False,False,False,True
sub-NDARXN893UEZ,False,False,False,True
sub-NDARXP021FZ5,True,True,False,False
sub-NDARXP557DLJ,False,False,False,True
sub-NDARXP717YMH,False,False,True,False
sub-NDARXP873PZZ,False,False,False,True
sub-NDARXP930ZTG,False,False,False,True
sub-NDARXR250LW3,False,False,False,True
sub-NDARXR346UT5,False,False,False,True
sub-NDARXR637JER,False,False,False,True
sub-NDARXR665DU1,False,False,False,True
sub-NDARXR965TFK,False,False,True,False
sub-NDARXT060JF6,False,False,False,True
sub-NDARXT196WPG,False,False,False,True
sub-NDARXT325FV6,False,False,False,True
sub-NDARXT792GY8,False,False,False,True
sub-NDARXT822TAA,False,False,False,True
sub-NDARXU018RGY,False,False,False,True
sub-NDARXU253JHC,False,False,False,True
sub-NDARXU409JCU,False,False,False,True
sub-NDARXU902BRT,False,False,False,True
sub-NDARXU975RAJ,False,False,False,True
sub-NDARXV034WE0,False,False,False,True
sub-NDARXV291ATY,False,False,False,True
sub-NDARXV445NYZ,False,False,False,True
sub-NDARXV702MYC,False,False,False,True
sub-NDARXW276NXN,False,False,False,True
sub-NDARXW330ZJT,False,False,False,True
sub-NDARXW410HP6,False,False,False,True
sub-NDARXW455MJ1,False,False,False,True
sub-NDARXX426ELJ,False,False,False,True
sub-NDARXX899HTP,False,False,False,True
sub-NDARXX939FFN,False,False,True,False
sub-NDARXX955UYH,False,False,False,True
sub-NDARXY162ERA,False,False,True,False
sub-NDARXY199VDP,False,False,False,True
sub-NDARXY240WJC,False,False,False,True
sub-NDARXY567ZML,False,False,False,True
sub-NDARXY745NXJ,False,False,False,True
sub-NDARXY938XY7,False,False,False,True
sub-NDARXZ685TU4,False,False,False,True
sub-NDARXZ692ULW,False,False,False,True
sub-NDARYA379LKT,False,False,False,True
sub-NDARYA675XXA,False,False,True,False
sub-NDARYA776KBK,False,False,False,True
sub-NDARYA807PVN,False,False,False,True
sub-NDARYA851GL6,False,False,False,True
sub-NDARYA877HN5,False,False,False,True
sub-NDARYA898BRE,False,False,False,True
sub-NDARYA952GA1,False,False,False,True
sub-NDARYA955CY1,False,False,False,True
sub-NDARYB414NGM,False,False,False,True
sub-NDARYB432MB5,False,False,False,True
sub-NDARYB492NFW,False,False,False,True
sub-NDARYB743WWX,False,False,False,True
sub-NDARYC210GUC,False,False,False,True
sub-NDARYC466ER1,False,False,False,True
sub-NDARYC834ML4,False,False,False,True
sub-NDARYC953CE2,False,False,False,True
sub-NDARYD071TYL,False,False,False,True
sub-NDARYD265AZN,False,False,False,True
sub-NDARYD546HCB,False,False,False,True
sub-NDARYD585PXP,False,False,False,True
sub-NDARYD666FL0,False,False,False,True
sub-NDARYE017HZA,False,False,False,True
sub-NDARYE155BLQ,False,False,False,True
sub-NDARYE221LZB,False,False,False,True
sub-NDARYE231CY0,False,False,False,True
sub-NDARYE379GGT,False,False,False,True
sub-NDARYE521RDA,False,False,False,True
sub-NDARYE822ZTD,False,False,False,True
sub-NDARYF135ZHU,False,True,True,False
sub-NDARYF338WW1,False,False,False,True
sub-NDARYF368WEA,False,False,False,True
sub-NDARYF728BEP,False,False,False,True
sub-NDARYG037KC4,False,False,False,True
sub-NDARYG172DBJ,False,False,False,True
sub-NDARYG331FLY,False,False,False,True
sub-NDARYG419DKQ,False,False,False,True
sub-NDARYG546ZFF,False,True,False,False
sub-NDARYG596PYF,False,False,False,True
sub-NDARYG665JUD,False,False,False,True
sub-NDARYG988PUQ,False,False,False,True
sub-NDARYH697TPA,False,False,False,True
sub-NDARYH951HH5,False,False,False,True
sub-NDARYJ245AAD,False,False,False,True
sub-NDARYJ301DYN,False,False,True,False
sub-NDARYJ334EHH,False,False,False,True
sub-NDARYJ583ZMJ,False,False,False,True
sub-NDARYJ694EU0,False,False,False,True
sub-NDARYJ735XPK,False,False,False,True
sub-NDARYJ920PR4,False,False,False,True
sub-NDARYK713TGJ,False,False,False,True
sub-NDARYL090TGH,False,False,False,True
sub-NDARYL102HCY,False,False,False,True
sub-NDARYL124VM6,False,False,False,True
sub-NDARYL268BVG,False,False,False,True
sub-NDARYL284NDM,False,False,False,True
sub-NDARYL758JGG,False,False,False,True
sub-NDARYM334BZ5,False,False,False,True
sub-NDARYM574WCX,False,False,True,False
sub-NDARYN152YMW,False,False,False,True
sub-NDARYN474PEK,False,False,False,True
sub-NDARYN857XMX,False,False,False,True
sub-NDARYN983EAQ,False,False,True,False
sub-NDARYP155LJA,False,False,False,True
sub-NDARYP863PZ4,False,False,False,True
sub-NDARYR150UDP,False,False,False,True
sub-NDARYR155PM1,False,False,False,True
sub-NDARYR692VVC,False,False,False,True
sub-NDARYR809TBN,False,False,False,True
sub-NDARYT155NHX,False,False,False,True
sub-NDARYT405NET,False,False,False,True
sub-NDARYT885XH3,False,False,True,False
sub-NDARYV120ZLG,False,False,False,True
sub-NDARYV538EBP,False,False,False,True
sub-NDARYV571RJJ,False,False,False,True
sub-NDARYV654UGB,False,False,False,True
sub-NDARYW170CAA,False,False,False,True
sub-NDARYW514CH2,False,False,False,True
sub-NDARYW789GNP,False,False,False,True
sub-NDARYW945PJU,False,False,False,True
sub-NDARYW946VTC,False,False,False,True
sub-NDARYW984FLT,False,False,False,True
sub-NDARYX008UCU,False,False,False,True
sub-NDARYX133FFQ,False,False,False,True
sub-NDARYX572VEW,False,False,False,True
sub-NDARYX806FL1,False,False,False,True
sub-NDARYX853TAX,False,False,False,True
sub-NDARYY022HBW,False,False,False,True
sub-NDARYY218LU2,False,False,False,True
sub-NDARYY793DXM,False,False,False,True
sub-NDARYZ161MYP,False,False,False,True
sub-NDARYZ363HP4,False,False,True,False
sub-NDARYZ433UL5,False,False,False,True
sub-NDARYZ489EHH,False,False,False,True
sub-NDARYZ637LK4,False,True,True,False
sub-NDARYZ693DE2,False,False,False,True
sub-NDARYZ770NA1,False,False,False,True
sub-NDARYZ871DXQ,False,False,False,True
sub-NDARYZ909VND,False,False,False,True
sub-NDARYZ946EUH,False,False,False,True
sub-NDARYZ986HEW,False,False,False,True
sub-NDARZ6064CX2,False,False,False,True
sub-NDARZA147PC7,False,False,False,True
sub-NDARZA511FYF,False,False,False,True
sub-NDARZA561GFF,False,False,False,True
sub-NDARZA982YTP,False,False,False,True
sub-NDARZB323LHZ,False,False,False,True
sub-NDARZB517KTU,False,False,False,True
sub-NDARZB616FHG,False,False,False,True
sub-NDARZB799GAK,False,False,False,True
sub-NDARZC445DDK,False,True,False,False
sub-NDARZC499NVX,False,False,False,True
sub-NDARZD099KWW,False,False,False,True
sub-NDARZD415ZZ1,False,False,True,False
sub-NDARZD816TLM,False,False,False,True
sub-NDARZD985LU8,False,False,False,True
sub-NDARZE685UJ5,False,False,False,True
sub-NDARZE831DKC,False,False,False,True
sub-NDARZE850WXD,False,False,True,False
sub-NDARZE923ZKG,False,False,False,True
sub-NDARZF170TZ0,False,False,True,False
sub-NDARZF615DC0,False,False,False,True
sub-NDARZF679JLV,False,False,False,True
sub-NDARZG081LYG,False,False,False,True
sub-NDARZG671PT1,False,False,False,True
sub-NDARZG861CXJ,False,False,False,True
sub-NDARZH366BF8,False,False,False,True
sub-NDARZH521MMD,True,True,False,False
sub-NDARZH699ZET,False,False,False,True
sub-NDARZH761YA7,False,False,False,True
sub-NDARZJ016GL0,False,False,False,True
sub-NDARZJ587UZU,False,False,False,True
sub-NDARZJ603JM0,True,False,False,False
sub-NDARZJ681BDQ,False,False,False,True
sub-NDARZK631UMQ,False,False,False,True
sub-NDARZK732FZ0,False,False,False,True
sub-NDARZK745JGG,False,False,False,True
sub-NDARZK746XJ3,False,False,False,True
sub-NDARZL113CU0,False,False,False,True
sub-NDARZL222KVA,False,False,False,True
sub-NDARZL683VNX,False,False,False,True
sub-NDARZL799MFW,False,False,False,True
sub-NDARZL855WVA,False,False,False,True
sub-NDARZM362YA3,False,False,False,True
sub-NDARZM839GHH,False,False,False,True
sub-NDARZM865KE8,False,False,False,True
sub-NDARZM903TNL,False,False,False,True
sub-NDARZN088VER,False,False,False,True
sub-NDARZN123CKG,False,False,False,True
sub-NDARZN148PMN,False,False,False,True
sub-NDARZN277NR6,False,False,True,False
sub-NDARZN578YDP,False,False,False,True
sub-NDARZN610GTY,False,False,False,True
sub-NDARZN914GPB,False,False,False,True
sub-NDARZP065VGY,False,False,False,True
sub-NDARZP542LJK,False,False,False,True
sub-NDARZP630WYL,False,False,False,True
sub-NDARZR293TKN,False,False,False,True
sub-NDARZR412TBP,False,False,False,True
sub-NDARZR480CR5,False,False,False,True
sub-NDARZR538EZH,False,False,False,True
sub-NDARZR968TLL,False,False,False,True
sub-NDARZT581RNV,False,False,False,True
sub-NDARZU401RCU,True,True,True,False
sub-NDARZU615HUG,False,False,True,False
sub-NDARZU751VBU,False,False,False,True
sub-NDARZU822WN3,False,False,False,True
sub-NDARZV132DRG,False,False,False,True
sub-NDARZV421TCZ,False,False,False,True
sub-NDARZV458LDP,False,False,False,True
sub-NDARZV608BL8,False,False,False,True
sub-NDARZV895RZ5,False,False,True,False
sub-NDARZW363UGM,False,False,False,True
sub-NDARZW426CT2,False,True,False,False
sub-NDARZW472CCF,False,False,True,False
sub-NDARZW662UK6,False,False,False,True
sub-NDARZW698UE7,False,False,False,True
sub-NDARZW720WG1,False,False,False,True
sub-NDARZW854BH0,False,False,True,False
sub-NDARZW930MF2,False,False,False,True
sub-NDARZW980YF9,False,False,False,True
sub-NDARZX384XVQ,False,True,False,False
sub-NDARZX561DR9,False,False,False,True
sub-NDARZX849GL3,False,False,False,True
sub-NDARZY224TFX,False,False,False,True
sub-NDARZY502FAG,False,False,False,True
sub-NDARZZ007YMP,False,False,False,True
sub-NDARZZ046HJA,False,False,False,True
sub-NDARZZ598MH8,False,False,False,True
sub-NDARZZ740MLM,False,False,False,True
sub-NDARZZ741VJE,False,False,False,True
sub-NDARZZ830JM7,False,False,False,True
sub-NDARZZ993CEV,False,False,False,True
