sweep,route,estimator,split_a,split_b,p,p_se,q,q_se,lam_from_p,lam_from_q,F_additive,p_additive,F_multiplicative,p_multiplicative,F_gain,p_gain,log10_falpha,n,n_total,r2,frac_kept
WINDOW sweep (alpha band),within,censor 6-16,full,full,0.7208682525153559,0.06527248923295514,-1.0540255351409837,0.09704783293330532,0.7208682525153559,1.0657437977643032,62.913037359667655,2.705860745767472e-27,69.29345885857369,6.589757101198457e-30,638.6785382008803,2.682809446742546e-219,0.9890046156985368,2196,2395,0.05426283415178712,0.9169102296450939
WINDOW sweep (alpha band),within IV,censor 6-16,odd,even,0.6914315943549517,0.06511491709981722,-0.9400444781338465,0.09757426988835817,0.6914315943549517,0.9504955418937963,56.42713003071187,1.2674345595573617e-24,58.960945838560455,1.1413995210457926e-25,640.4180428899291,7.798928922288329e-220,0.9890046156985368,2199,2395,0.04887890154592134,0.9181628392484342
WINDOW sweep (alpha band),within,censor 4-20,full,full,0.4815259215422068,0.0657242947753527,-0.7816718327234906,0.1001028837041447,0.4815259215422068,0.7903621685035247,30.65077352331436,7.4761543003514e-14,104.50275689157586,4.742446858616322e-44,666.2230685239529,3.677464076108712e-226,0.9890046156985368,2166,2395,0.02755990847015477,0.904384133611691
WINDOW sweep (alpha band),within IV,censor 4-20,odd,even,0.51229421489396,0.06573053074573268,-0.7893396899155127,0.1001794681319329,0.51229421489396,0.7981152740707886,32.01773579215559,1.9765578883790778e-14,102.89015475089177,2.0289471282051147e-43,726.072992447007,3.4071676412261864e-242,0.9890046156985368,2175,2395,0.0286379497991327,0.9081419624217119
WINDOW sweep (alpha band),within,censor 5-14,full,full,0.7555907790333826,0.06718638311004099,-1.0985071738544694,0.09995829014707665,0.7555907790333826,1.110719966740085,64.88393090761474,4.2786961028960825e-28,63.41055189748663,1.719840946485268e-27,604.5829785810224,1.9143169488109567e-209,0.9890046156985368,2174,2395,0.05640197951689363,0.9077244258872651
WINDOW sweep (alpha band),within IV,censor 5-14,odd,even,0.7612718662647442,0.06781132462724113,-1.052827178441459,0.1013083469072022,0.7612718662647442,1.064532118182122,63.02409673018409,2.4701989520640868e-27,55.65200008023016,2.6837838775065498e-24,619.268155237616,1.3397496747605742e-213,0.9890046156985368,2178,2395,0.054778597779307714,0.9093945720250521
WINDOW sweep (alpha band),within,censor 6-16 + 18-24,full,full,0.3782765757801103,0.06564721567467986,-0.5821440323179798,0.09927569208142045,0.3782765757801103,0.5886160924606099,17.699469988628522,2.3702375425024397e-08,106.43486156172871,7.768541469629736e-45,672.7553146846352,2.073845332622509e-228,0.9890046156985368,2189,2395,0.01593542669900605,0.9139874739039666
WINDOW sweep (alpha band),within IV,censor 6-16 + 18-24,odd,even,0.3800366883608828,0.06595536651975495,-0.5293459786112708,0.09980579446672998,0.3800366883608828,0.5352310496927177,16.600503699265964,6.990337272129907e-08,97.41280231494808,2.939267401528826e-41,678.2298871384212,4.724689234187409e-230,0.9890046156985368,2197,2395,0.01490705476885179,0.9173277661795407
WINDOW sweep (alpha band),within,"flanks 3-6, 17-30",full,full,0.9854283822712708,0.06307019886361587,-1.5180012054930363,0.08722204170085401,0.9854283822712708,1.534877776501445,152.3147396781766,1.0707537700704965e-62,138.82319066613175,1.6106795826558358e-57,1092.754999048647,0.0,0.9890046156985368,2213,2395,0.12114288878627422,0.924008350730689
WINDOW sweep (alpha band),within IV,"flanks 3-6, 17-30",odd,even,0.8860831590437612,0.06303039789365525,-1.3642684031752248,0.08775348701278146,0.8860831590437612,1.3794358302480096,121.52611298821488,8.596540798987621e-51,135.85000172244477,2.311837727610792e-56,1123.4236592880445,0.0,0.9890046156985368,2207,2395,0.09932449475182181,0.9215031315240083
WINDOW sweep (alpha band),within,"flanks 3-6, 26-36",full,full,0.3330681047961372,0.0654501014391145,-0.5275080981072247,0.09529018882548469,0.3330681047961372,0.5333727363189747,15.322958730401055,2.4627104224595366e-07,120.11098411510119,3.1748847711944275e-50,787.4174086517444,1.953958323136154e-258,0.9890046156985368,2195,2395,0.013788033991402715,0.9164926931106472
WINDOW sweep (alpha band),within IV,"flanks 3-6, 26-36",odd,even,0.37883376626804544,0.06606253358295608,-0.5613876917202064,0.0967008391782371,0.37883376626804544,0.567628990612644,17.29570952038979,3.523572711480979e-08,109.51661216901145,4.549722716009239e-46,791.553249339121,1.0108566066754121e-259,0.9890046156985368,2204,2395,0.0154730505521542,0.920250521920668
BAND sweep (flanking windows),within,theta,full,full,0.45190895541817977,0.19057604398207068,-0.5724471357423626,0.24371119484952167,0.45190895541817977,0.7911328595003903,2.93116615197057,0.05443734090343618,14.468019665016746,8.423938436640721e-07,69.02762369234176,1.2953099920105016e-26,0.7235790156711096,419,2395,0.013896316061035363,0.17494780793319414
BAND sweep (flanking windows),within IV,theta,odd,even,0.5493806860824151,0.16652711948589793,-0.48255370165614775,0.2078699763720833,0.5493806860824151,0.6668984191154104,7.085533351185325,0.0009318346688576733,9.381437647849177,0.00010157003201598827,78.59807521145858,4.42084445415602e-30,0.7235790156711096,462,2395,0.02994914038411467,0.19290187891440502
BAND sweep (flanking windows),within,alpha,full,full,1.117985451980859,0.058091076698808405,-1.7342230901336646,0.07940658078956839,1.117985451980859,1.7535035353791326,241.95799775337298,1.1362077625289487e-95,201.03692885429695,6.910605598337411e-81,1409.9361526041575,0.0,0.9890046156985368,2194,2395,0.18090885707050786,0.9160751565762004
BAND sweep (flanking windows),within IV,alpha,odd,even,0.9160792602307607,0.0621800619676539,-1.3927646806866107,0.08418918202399735,0.9160792602307607,1.40824891874028,138.94366700162868,1.442330471392955e-57,146.00111906632984,2.779434039664751e-60,1254.4851891702997,0.0,0.9890046156985368,2214,2395,0.11165123073541805,0.9244258872651357
BAND sweep (flanking windows),within,beta,full,full,0.8015851390510638,0.16881051243465475,-0.8506037060522771,0.26317832653798484,0.8015851390510638,0.6411877688922287,32.34688262709534,4.752826861933854e-14,5.363153265976665,0.004919758980029309,205.7383047589061,2.330675690886432e-68,1.3266062568876718,587,2395,0.0997292847863881,0.24509394572025053
BAND sweep (flanking windows),within IV,beta,odd,even,0.6103338033616083,0.16535355361473536,-0.6687952928643389,0.25701948131035046,0.6103338033616083,0.5041400109429516,17.30625959947038,4.99217213906941e-08,3.4841831283434614,0.03131806638828234,254.9512734110201,2.575077992369792e-80,1.3266062568876718,587,2395,0.055951856977872416,0.24509394572025053
BAND sweep (flanking windows),within,control,full,full,0.8808566072490566,0.12734592570939432,-1.2250029543855165,0.1880291300168004,0.8808566072490566,0.8014661979746918,25.943511332798682,1.1808949004019219e-11,10.065922506204862,4.7949761446181543e-05,1119.8993964032657,4.407206687152987e-236,1.5284524256682364,830,2395,0.0590371928672111,0.3465553235908142
BAND sweep (flanking windows),within IV,control,odd,even,0.8343688117217589,0.11452947595729171,-1.242428377569273,0.1691713437432621,0.8343688117217589,0.8128668951054109,26.990239565202362,4.110069138245171e-12,2.4343715039761795,0.08822534635917635,1550.4828153485503,2.2329336061398357e-293,1.5284524256682364,910,2395,0.056172295174249154,0.37995824634655534
