estimator,gamma,gamma_se,lam,lam_se,n,f0
censored,1.120263075227143,0.02413309890513321,0.5458396417834602,0.039111520430764504,2375,20.0
censored,1.0926661596362566,0.024393415641025252,0.6781404317318936,0.03331110317367458,2375,25.0
censored,1.0732105074559366,0.024518415502629707,0.7492185205078514,0.029865135666737416,2375,30.0
censored,1.0590423006278364,0.024586924194897237,0.7922036595103148,0.027642669270707684,2375,35.0
local_flank,1.2159577700632191,0.0222703205258213,0.41251553640884936,0.03255228994873525,2375,20.0
local_flank,1.2048548152020915,0.022393273821364384,0.5612331402589789,0.027532000301637435,2375,25.0
local_flank,1.1961844680144116,0.02245235842753923,0.647710557823829,0.024727979227180143,2375,30.0
local_flank,1.1895271721759022,0.022485436818662365,0.7041330173718262,0.023000531875602265,2375,35.0
full_reg,1.2340350160844888,0.022151354370489065,0.7016151684350672,0.03277828035055545,2376,20.0
full_reg,1.1941884130642644,0.022623843616979583,0.8441809051513867,0.028088615911450905,2376,25.0
full_reg,1.1664369819093934,0.022865456715247433,0.9164457583438599,0.02528660460570964,2376,30.0
full_reg,1.146439101691333,0.02300530499621629,0.9575831746642316,0.02349222728048803,2376,35.0
theilsen,1.1085727072609148,0.024053847339836947,0.644886097527087,0.030626693442700248,2331,20.0
theilsen,1.0700305933631495,0.02448985281732727,0.7664400246229865,0.02532952292161207,2331,25.0
theilsen,1.0438969128166957,0.024656883437325628,0.824127739818405,0.022501897784510894,2331,30.0
theilsen,1.0257679733382015,0.02472624425232421,0.8553925303922035,0.020882860598035992,2331,35.0
specparam1,1.1407089291608639,0.02324086405414592,0.508341954485424,0.03866482937988932,2388,20.0
specparam1,1.114490882572747,0.023518726457456084,0.6493952967531463,0.03271748940745164,2388,25.0
specparam1,1.0956701531824482,0.02365401972599712,0.7263910771575786,0.02918363304778901,2388,30.0
specparam1,1.0818469921753031,0.023729324463389354,0.7735722738722682,0.02690346619635957,2388,35.0
specparam3,1.0674369417669016,0.025083843015214657,0.49017132076084824,0.042671722872000654,2392,20.0
specparam3,1.032711851214126,0.025392626313085816,0.6319045248431869,0.036320090996694164,2392,25.0
specparam3,1.0083664073011154,0.025532775550800718,0.7068741412610579,0.03244146755797215,2392,30.0
specparam3,0.9907762508951143,0.025603696941025534,0.7512496806563256,0.02988980333563002,2392,35.0
