estimator,cond,p,p_se,q,q_se,lam_from_p,lam_from_q,F_additive,p_additive,F_multiplicative,p_multiplicative,F_gain,p_gain,log10_falpha,n,r2
censored,ec,0.9452969771819791,0.029919701899143017,-0.7356249454044295,0.04761035354287804,0.9452969771819791,0.7438033490721936,809.761439855639,8.62202225761204e-269,30.91377589834353,5.5758295888382554e-14,614.0879299365353,1.2192406650174304e-215,0.9890046156985368,2375,0.4057405978914054
censored,eo,0.9035826012100717,0.03745376666472011,-0.6684377224738369,0.05995222741896092,0.9035826012100717,0.6758691636658515,422.968469321145,3.9142528189082693e-156,20.12186185587768,2.1888887644476692e-09,293.4129623781768,1.135974716938244e-113,0.9890046156985368,2201,0.2779088252135763
local_flank,ec,1.0648286714782977,0.029002116226051707,-1.0537745347678475,0.04386714595012803,1.0648286714782977,1.0654900068626714,854.7896058272195,2.778024516344957e-280,3.1332474182878642,0.04375646564771475,1171.940833444138,0.0,0.9890046156985368,2375,0.4188523909502849
local_flank,eo,1.0320567387706434,0.03702911333616618,-0.9143758359848637,0.05662794171219802,1.0320567387706434,0.9245415253588452,513.0115148084745,8.607519211819145e-184,8.809099094451817,0.0001546673080342765,468.90149685466133,1.6096742616590646e-170,0.9890046156985368,2217,0.31667152370156126
full_reg,ec,1.0346722563869224,0.026440379941865003,-0.736811068118464,0.04166757011445504,1.0346722563869224,0.7450026586559985,1515.120200745235,0.0,131.33758390160887,7.989967454950936e-55,682.1353026396042,9.011533739745557e-235,0.9890046156985368,2376,0.5608190967506435
full_reg,eo,1.0589187866769227,0.03360713862999278,-0.6209908040719431,0.052844713952330466,1.0589187866769227,0.6278947481284862,926.8010322623775,2.983038948798417e-293,134.98772103629815,4.779875829275615e-56,197.3308707835029,1.3454177090022027e-79,0.9890046156985368,2220,0.45536312200076445
theilsen,ec,0.9760507103989207,0.029479583247273806,-0.8571418964380866,0.04392048751256441,0.9760507103989207,0.8666712802272261,1101.6823867753735,0.0,21.1968696150147,7.535846604071786e-10,1709.8631593025352,0.0,0.9890046156985368,2331,0.48624749576808135
theilsen,eo,1.0455641051301168,0.03587038941567468,-0.7996506068800235,0.05249715504463341,1.0455641051301168,0.8085408239629175,801.6303042291505,2.0945047412560527e-261,67.52816551288014,3.5427205982936034e-29,583.1791620470727,2.0321005103485046e-203,0.9890046156985368,2173,0.42490057666951586
specparam1,ec,0.9669798440340961,0.028586106254896746,-0.8165657640002901,0.04623466094279733,0.9669798440340961,0.82564403748869,883.5185386597361,7.55768291099131e-288,16.63105050159092,6.716280902047128e-08,754.8929312648971,1.0074468992001853e-254,0.9890046156985368,2388,0.4255831642188166
specparam1,eo,0.9179974116811865,0.03509346320532848,-0.7956910621555406,0.0567352123863994,0.9179974116811865,0.804537258497567,441.2801989042992,7.707559524477808e-163,6.219969105658566,0.002023062084686645,420.65261191451185,2.4913917425227584e-156,0.9890046156985368,2294,0.2780978734225513
specparam3,ec,0.924682646370969,0.028837369077872193,-0.7191498821689842,0.04768138510358057,0.924682646370969,0.7271451222308468,848.783752086692,3.2452706756462943e-279,26.91070885775532,2.770336032727136e-12,619.436720749281,1.8824508863292305e-217,0.9890046156985368,2392,0.4154018017418678
specparam3,eo,0.9481261417207046,0.03253163102401019,-0.7372099073930731,0.05384616307433,0.9481261417207046,0.7454059320768485,609.4096574892037,9.72702175161274e-214,19.646473904051952,3.4558095185494207e-09,371.435653075388,8.314571847522088e-141,0.9890046156985368,2341,0.3426711359347787
