estimator,split_a,split_b,p,p_se,q,q_se,lam_from_p,lam_from_q,F_additive,p_additive,F_multiplicative,p_multiplicative,F_gain,p_gain,log10_falpha,n,n_total,r2
censored,full,full,0.7208682525153566,0.06527248923295519,-1.0540255351409842,0.09704783293330539,0.7208682525153566,1.0657437977643036,62.91303735966759,2.705860745767664e-27,69.29345885857312,6.589757101201922e-30,638.6785382008762,2.6828094467495613e-219,0.9890046156985368,2196,2395,0.05426283415178723
censored,odd,even,0.6914315943549505,0.06511491709981719,-0.9400444781338465,0.09757426988835818,0.6914315943549505,0.9504955418937963,56.427130030711666,1.2674345595576047e-24,58.96094583856119,1.1413995210450058e-25,640.4180428899323,7.798928922271927e-220,0.9890046156985368,2199,2395,0.04887890154592134
censored,even,odd,0.6314746709643848,0.06305825352794008,-0.9370239551821961,0.09283770736612174,0.6314746709643848,0.9474414378949823,52.96752707880489,3.3911604780007257e-23,81.98043664543962,4.5091735815301985e-35,699.2126438227463,4.707570950096359e-236,0.9890046156985368,2215,2395,0.045702339229736655
local_flank,full,full,0.9854283822712693,0.06307019886361592,-1.518001205493036,0.08722204170085406,0.9854283822712693,1.5348777765014447,152.31473967817652,1.0707537700705571e-62,138.82319066613252,1.610679582654737e-57,1092.7549990486482,0.0,0.9890046156985368,2213,2395,0.121142888786274
local_flank,odd,even,0.88608315904376,0.06303039789365525,-1.3642684031752241,0.0877534870127815,0.88608315904376,1.379435830248009,121.52611298821454,8.596540798990065e-51,135.8500017224454,2.311837727609412e-56,1123.423659288047,0.0,0.9890046156985368,2207,2395,0.0993244947518217
local_flank,even,odd,0.8657821960509722,0.06327702716101558,-1.3742744313978623,0.08686379012074284,0.8657821960509722,1.3895531017589926,129.06833571341133,9.699943439086074e-54,153.97767700989613,2.4955432866630604e-63,1172.2237398373386,0.0,0.9890046156985368,2212,2395,0.10463006545864939
full_reg,full,full,1.0753015534069015,0.06613652821459788,-1.0926482095041705,0.09799825696928079,1.0753015534069015,1.1047958646102272,174.06860305604837,6.2751715768351304e-71,0.6490432741380566,0.5226450454909276,311.3276656238052,7.575062409150761e-120,0.9890046156985368,2213,2395,0.13609012264092046
full_reg,odd,even,0.9169061892688812,0.0680480451915114,-0.9455313167954107,0.10150442544949928,0.9169061892688812,0.956043381180359,123.1498611297172,1.9196728361812965e-51,2.3741119244738536,0.09333367219951105,365.33620729363497,7.170204517455333e-138,0.9890046156985368,2221,2395,0.09994714524157422
full_reg,even,odd,0.979523059045843,0.06661233815673888,-1.0425787961724837,0.09652382008140044,0.979523059045843,1.0541697982229408,128.97259782571777,9.912099302201393e-54,2.154331215736969,0.11622194544987019,370.4783042522362,1.1814129454836061e-139,0.9890046156985368,2234,2395,0.1036363500900318
theilsen,full,full,0.8267950087750465,0.07173864496957291,-0.7467200041034578,0.10275575378488692,0.8267950087750465,0.7550217584940666,138.86438005612987,1.857355331735259e-57,2.9339253851714995,0.05340004125062336,486.99492922984916,2.8271548135744385e-175,0.9890046156985368,2161,2395,0.11402286028739039
theilsen,odd,even,0.7061852384072306,0.06996290477394597,-0.5965479845618977,0.1017845004141343,0.7061852384072306,0.6031801824711952,129.82452534547772,5.703402361448766e-54,8.943921536577689,0.00013542297182864732,549.7592021547619,9.732935484431794e-194,0.9890046156985368,2164,2395,0.10726422759087717
theilsen,even,odd,0.8320907620205613,0.072647434562164,-0.7671880493901936,0.1037699757088271,0.8320907620205613,0.7757173598712949,128.65323063175038,1.537548380959464e-53,2.689077486262826,0.06816906708895502,478.0661401119916,7.252409754612198e-173,0.9890046156985368,2182,2395,0.10561333943598317
specparam1,full,full,0.7449833043140408,0.057632532229958296,-1.1680359016166548,0.08606989712506186,0.7449833043140408,1.181021688955079,92.62716490751622,2.0837546439031033e-39,137.96960198461912,2.682923224598902e-57,1061.3265214705687,0.0,0.9890046156985368,2290,2395,0.07493336247039473
specparam1,odd,even,0.7432493941570146,0.05771758636131165,-1.09068633110681,0.08635367114102713,0.7432493941570146,1.102812174780858,84.60318890200713,3.541826790511402e-36,110.42336176220678,1.6365576064377589e-46,1013.535677107416,3.77803585e-316,0.9890046156985368,2297,2395,0.06869354485630408
specparam1,even,odd,0.6790038215964427,0.05536005883005716,-1.0160046982354731,0.08146123331589834,0.6790038215964427,1.0273002593803529,79.87942988186701,2.872159575279428e-34,118.95469631367017,6.829681700301269e-50,1028.0108218051137,7.1254e-320,0.9890046156985368,2308,2395,0.06481723724447741
specparam3,full,full,0.6770956674459762,0.05787648578840417,-0.993107674160421,0.08745346704976507,0.6770956674459762,1.0041486747349366,69.75904628278624,3.752018192627156e-30,96.31540581445468,6.398795739400345e-41,840.8141810266753,8.701500935825557e-276,0.9890046156985368,2339,2395,0.05635914881194792
specparam3,odd,even,0.6422477259100794,0.05714906359698651,-0.8929541413155541,0.0860114085169885,0.6422477259100794,0.9028816722810318,63.14962499486983,1.9400988173124586e-27,91.44470230479739,5.744458551864779e-39,885.4648029429507,3.610531444585662e-287,0.9890046156985368,2347,2395,0.051127105345744495
specparam3,even,odd,0.6046325772321723,0.05646170966441578,-0.8546968867196116,0.0833073299366999,0.6046325772321723,0.8641990878029793,57.98219049695441,2.6332801414650074e-25,95.54435246388053,1.2796457538184472e-40,881.9306041100605,1.9494478166591487e-286,0.9890046156985368,2352,2395,0.04704505342472742
