estimator,cond,lambda_gamma,se,lambda_ols,lambda_iv,lambda_anchored,se_anchored,n
censored,ec,0.9243451906745738,0.02071621190930176,0.8892793051161775,0.9341872702669883,0.8021827591367267,0.043002095370055046,2375
censored,eo,0.9406141988931805,0.03180287789685072,0.8958102278965062,0.9323138313492753,0.9843186990375999,0.05842831668799727,2201
local_flank,ec,0.923971697316637,0.020230655048241782,0.8917415171942769,0.9377007539787171,0.630619032758212,0.036705583712796384,2375
local_flank,eo,0.9661333211392786,0.030994878644194934,0.9564032875117381,1.0092065493383373,0.877350146056474,0.05129819542048662,2217
full_reg,ec,1.0473286782982523,0.018422954764774985,1.011552121652366,1.0359389230665887,0.9581807913265504,0.036735967345034835,2376
full_reg,eo,1.1590497155537622,0.02767016575937504,1.1050200709905966,1.140907904842264,1.3285745088606955,0.05084373015211195,2220
theilsen,ec,0.9120044356518338,0.018395691434537488,0.9310072809835666,0.9510361317462468,0.8880204368501956,0.03215271081430473,2331
theilsen,eo,1.113571587469755,0.028004949915287698,1.0910727233056383,1.117201512949062,1.2523885897394604,0.04399057649878792,2173
specparam1,ec,0.9278081980797884,0.019906562334408632,0.8915503300113962,0.9209518414256479,0.751628031045547,0.04155416931612156,2388
specparam1,eo,0.9357347235513486,0.028295576514036178,0.879848844678301,0.9408537892263897,0.8708734331129533,0.05674638473836573,2294
specparam3,ec,0.8722474295926546,0.02099985940856722,0.8687090629075603,0.9055907689144541,0.7558931652369124,0.04334201128347788,2392
specparam3,eo,0.9292807782405688,0.029166242915896493,0.9353034735492436,1.0037935098279127,0.9902484773476666,0.05371832633322895,2341
