sweep,variant,background,n,lam,ci_lo,ci_hi,boot_sd,boot_fail,boot_multi_root,delta,n_roots,roots,r_instrument,resid_eo_pct,resid_ec_pct,slope_iv,slope_ci_lo,slope_ci_hi,slope_n,slope_frac_kept
WINDOW sweep (alpha band),censor 6-16,total,2395,0.7796302551373773,0.5981639471597452,0.9722433124175931,0.09563401569638914,0.0,0.0,1.32561272462752,1,0.780,0.7808109259150561,57.21319947953004,86.06865506062977,0.6484088831335469,0.509304979942201,0.7905512944855982,2136,0.8918580375782881
WINDOW sweep (alpha band),censor 4-20,total,2395,0.5207452443717194,0.341057304467167,0.67958061014228,0.08596187649114059,0.0,0.0,1.4183051555572965,1,0.521,0.7557164651296564,59.37376312835282,88.1218547688126,0.4568543043661705,0.3262937696565391,0.5990621577355744,2096,0.8751565762004175
WINDOW sweep (alpha band),censor 5-14,total,2395,0.8310450035698906,0.644433410087278,1.0327994459156644,0.1006527991874636,0.0,0.0,1.3181503344577628,1,0.831,0.7747137875387247,55.77146293271392,85.86287403904586,0.6801857906488481,0.5375193002290499,0.826686772518462,2115,0.8830897703549061
WINDOW sweep (alpha band),censor 6-16 + 18-24,total,2395,0.4662734280432123,0.2748288646540974,0.6518280885358942,0.09488449724860885,0.0,0.0,1.4628520417010615,1,0.466,0.7751356484700589,58.66600305079272,87.07568485873925,0.3985834742737853,0.25032026110903016,0.539950132078029,2134,0.8910229645093946
WINDOW sweep (alpha band),"flanks 3-6, 17-30",total,2395,0.908729387218896,0.732255361484703,1.1173031329474101,0.10153963967866671,0.0,0.0,1.2646563766283223,1,0.909,0.7743338741803945,55.3013829480967,84.80623049241717,0.6644305880564381,0.5368507586804541,0.805912612030005,2136,0.8918580375782881
WINDOW sweep (alpha band),"flanks 3-6, 26-36",total,2395,0.3899607169139752,0.19703759180611433,0.5736018123570398,0.09596212163836068,0.0,0.0033333333333333335,1.4986859630853802,1,0.390,0.7649977977754757,57.96394003899983,86.64506486638714,0.3149010521038101,0.190396477952116,0.44627758286526464,2135,0.8914405010438413
BAND sweep (flanking windows),theta,total,2395,0.859488480344548,0.6100681632275142,1.1343535724268001,0.1363502973911696,0.0,0.9366666666666666,27.81334568441467,2,-0.194 0.859,0.7156217584440683,-20.280449232859663,-38.85922137626995,0.6686142965000179,0.2648867912321728,1.1608543174585033,306,0.12776617954070982
BAND sweep (flanking windows),alpha,total,2395,1.0009070686165087,0.828777036869851,1.2017577411314109,0.09938563142568377,0.0,0.0,1.1982154835261234,1,1.001,0.7693165200930119,54.12765205887171,84.09974463088574,0.6869445631811779,0.5468020048593558,0.8496273368203353,2123,0.8864300626304802
BAND sweep (flanking windows),beta,total,2395,-0.07570328167998644,-0.388197274522469,0.12289170452112541,0.15315254905983341,0.043333333333333335,0.8333333333333334,28.13260688724506,2,-0.247 -0.076,0.8026169338976578,-9.521068522923873,-16.400469248472525,0.9350235929314664,0.6124320716842941,1.246432270277698,484,0.20208768267223381
BAND sweep (flanking windows),control,total,2395,,-0.4986620980366376,-0.3805226624471907,0.03416269412051225,0.7233333333333334,0.10666666666666667,,0,,0.7406017783560898,1.8114374056882452,-0.38545876971990023,0.9384631105082505,0.6491800197839321,1.236119171734804,615,0.2567849686847599
BAND sweep (flanking windows),control kp,total,2395,0.0855106386104157,-0.016228703471443544,0.31094498755563643,0.09089746146353096,0.010000000000000009,0.9733333333333334,,2,0.086 0.271,0.7407371769135399,-4.100502030144301,-1.5342489473641359,1.035186728697189,0.5437421655070065,1.4436546913370532,448,0.18705636743215032
BAND sweep (flanking windows),control kp,neural,2395,0.3248857906616476,-0.15235595029177637,0.43699500013534465,0.1387762489343159,0.010000000000000009,0.8233333333333334,1.313923019404188,3,0.086 0.325 1.074,0.5547415546936691,-4.100502030144301,-1.5342489473641359,1.035186728697189,0.5437421655070065,1.4436546913370532,448,0.18705636743215032
