band,model,window,subset,background,n,lam,lo,hi,boot_sd,boot_fail,delta,n_roots,roots,r_instrument,frac_band_in_fit
alpha,fixed,censor 6-16,all,total,2396,0.7696346718374834,0.6394963900832259,0.8985049965552822,0.0691579010866301,0.0,1.3232850584534257,1,0.770,0.8108265444514614,0.06302170283806344
alpha,fixed,censor 6-16,all,neural,2396,0.7696346718374834,0.6394963900832259,0.8985049965552822,0.0691579010866301,0.0,1.3232850584534257,1,0.770,0.8108265444514614,0.06302170283806344
alpha,fixed,"flanks 3-6, 26-36",all,total,2396,0.28761068382296395,0.07153190709594315,0.4775394083545791,0.10051821197949501,0.0,1.5734114325243966,1,0.288,0.7714980080146594,0.09181969949916527
alpha,fixed,"flanks 3-6, 26-36",all,neural,2396,0.28761068382296395,0.07153190709594315,0.4775394083545791,0.10051821197949501,0.0,1.5734114325243966,1,0.288,0.7714980080146594,0.09181969949916527
alpha,knee_plateau,censor 6-16,all,total,2396,0.8024060645266138,0.6425870507369684,0.9725375367945195,0.08175037581633707,0.0,1.2798717902339904,1,0.802,0.7509268050388932,0.06302170283806344
alpha,knee_plateau,censor 6-16,all,neural,2396,0.2370171430329543,0.18178845778790542,0.6673743869768382,0.12649001039622743,0.37,1.7403124990907515,2,0.045 0.237,0.7572439022657121,0.06302170283806344
alpha,knee_plateau,censor 6-16,p<0.5,total,2373,0.8420586411676605,0.665590288843949,1.0057822645506507,0.08671200603649469,0.0,1.2393251390615814,1,0.842,0.7479349530438247,0.06302170283806344
alpha,knee_plateau,censor 6-16,p<0.5,neural,2373,0.7912106152098074,0.6302143745236822,0.9606510589462931,0.08316030982582191,0.0,1.2722737589590887,1,0.791,0.7515193530627332,0.06302170283806344
alpha,knee_plateau,"flanks 3-6, 26-36",all,total,2396,0.37104776145987467,0.18591646152414412,0.5692854540738375,0.09500043380195858,0.0,1.5305780086667329,1,0.371,0.5988615651013155,0.09181969949916527
alpha,knee_plateau,"flanks 3-6, 26-36",all,neural,2396,-0.44714958879731337,-0.4705416877779857,0.28871491024988144,0.2517271588411862,0.06000000000000005,,1,-0.447,0.5660331839166284,0.09181969949916527
alpha,knee_plateau,"flanks 3-6, 26-36",p<0.5,total,2291,0.3920318536630193,0.17403740298407547,0.6021853442678988,0.10963507050284803,0.00666666666666671,1.5065321968424403,1,0.392,0.5937318435824409,0.09181969949916527
alpha,knee_plateau,"flanks 3-6, 26-36",p<0.5,neural,2291,0.384362462145781,0.13379283796543917,0.6472949710514956,0.14526494662215791,0.010000000000000009,1.5075874967442644,1,0.384,0.5736514759464425,0.09181969949916527
control,fixed,censor 6-16,all,total,2396,-0.16586276330978095,-0.4213769384490117,0.1044850602457727,0.13247552571472143,0.0033333333333332993,0.15095799968261997,1,-0.166,0.7792112997552507,1.0
control,fixed,censor 6-16,all,neural,2396,-0.16586276330978095,-0.4213769384490117,0.1044850602457727,0.13247552571472143,0.0033333333333332993,0.15095799968261997,1,-0.166,0.7792112997552507,1.0
control,fixed,"flanks 3-6, 26-36",all,total,2396,0.59217866975832,0.4545534404769049,0.8792195370682048,0.10742713041988963,0.0,,2,0.592 1.487,0.7539938797585006,1.0
control,fixed,"flanks 3-6, 26-36",all,neural,2396,0.59217866975832,0.4545534404769049,0.8792195370682048,0.10742713041988963,0.0,,2,0.592 1.487,0.7539938797585006,1.0
control,knee_plateau,censor 6-16,all,total,2396,0.24044513220783179,0.17538499838452784,0.3815585265331639,0.05486078939408429,0.00666666666666671,,2,0.240 0.354,0.7665648696928317,1.0
control,knee_plateau,censor 6-16,all,neural,2396,-0.06714336221639153,-0.2985203058948859,0.46754300668005505,0.24266262413718145,0.00666666666666671,-1.4291129316210387,4,-0.067 0.351 0.446 1.252,0.5950140337815174,1.0
control,knee_plateau,censor 6-16,p<0.5,total,1639,-0.05300020868038349,-0.1977415410466359,0.12966173827081995,0.07694057106949038,0.020000000000000018,,2,-0.053 0.041,0.7652948237384966,1.0
control,knee_plateau,censor 6-16,p<0.5,neural,1639,0.10147534098999804,0.024085457651929487,0.2830371619526185,0.06604710494051683,0.00666666666666671,,2,0.101 0.203,0.699771983652603,1.0
control,knee_plateau,"flanks 3-6, 26-36",all,total,2396,0.5557784797356299,0.46728602531925656,0.7513694881291064,0.07191635448210479,0.010000000000000009,,2,0.556 0.759,0.7290629058949942,1.0
control,knee_plateau,"flanks 3-6, 26-36",all,neural,2396,0.17604368680188814,-0.18135196300884573,0.6791936593713733,0.21576973394249602,0.01666666666666672,-1.4610061803453496,1,0.176,0.34683127536319,1.0
control,knee_plateau,"flanks 3-6, 26-36",p<0.5,total,1203,1.3726189275754548,1.0869310106181607,1.4858369409419525,0.10621023051612566,0.2766666666666666,,1,1.373,0.716683066137405,1.0
control,knee_plateau,"flanks 3-6, 26-36",p<0.5,neural,1203,1.3195488640522994,-0.4283861068675335,1.4751592050652624,0.40818249776076987,0.2433333333333333,,1,1.320,0.5624178926716303,1.0
