cond,ref,h_mult,lam_true,h,lam_mean,lam_sd,n_ok,n_reps,max_roots,rel_height,instrument_r,sd_lnb,rel_excess,boot_sd,boot_lo,boot_hi,monotone,slope
ds003690,inband,0.333,0.0,1.634143705240545,,,0,5,0,1.6473985942491582,0.6940040877461856,0.287783453890333,0.44881710200562264,,,,False,
ds003690,inband,0.333,0.5,1.634143705240545,-0.722631576944068,0.24753103491074926,4,5,1,1.6389583478008878,0.694596659229359,0.2881102491537528,0.4812574021359026,,,,False,
ds003690,inband,0.333,1.0,1.634143705240545,0.6128858450975934,0.16235193049617466,5,5,1,1.6522083975319517,0.6953205015053859,0.28850996351905217,0.6172790976082877,,,,False,
ds003690,inband,0.333,1.5,1.634143705240545,1.6186238858853794,0.07203254550067979,5,5,1,1.6536748248274593,0.69629984479541,0.28931426280952766,1.2436360627151803,,,,False,
ds003690,inband,1.0,0.0,4.902431115721635,-0.2771715338784325,0.07947048605893456,5,5,1,4.942195782747475,0.6939211013407329,0.28637695229228055,2.124895752215287,0.06379282730032848,-0.4415906897692218,-0.1914374169637255,True,1.2175082892199938
ds003690,inband,1.0,0.5,4.902431115721635,0.2567647623869286,0.0776984745916636,5,5,1,4.916875043402663,0.695506986934191,0.2872599005438513,2.2207538841109296,0.08356999066963125,0.05514576212268256,0.3798903990260054,True,1.2175082892199938
ds003690,inband,1.0,1.0,4.902431115721635,0.8941438164796199,0.0683416852936429,5,5,1,4.956625192595855,0.6973563022220504,0.2883534428285273,2.6225960054174395,0.11789505090305226,0.5630488393323002,1.0155440092407104,True,1.2175082892199938
ds003690,inband,1.0,1.5,4.902431115721635,1.5395492634573262,0.04798157237611379,5,5,1,4.961024474482379,0.6996758240757941,0.2903927080351472,4.468554128660664,0.13783515491387902,1.191351300792182,1.6287260280892717,True,1.2175082892199938
ds003690,inband,3.0,0.0,14.707293347164905,-0.014523000124409935,0.06660273513283847,5,5,1,14.826587348242427,0.6913697725202524,0.2830527493184484,7.004934333949388,,,,True,1.0432589552339915
ds003690,inband,3.0,0.5,14.707293347164905,0.44709646320164476,0.06136733928460033,5,5,1,14.75062513020799,0.6953058195970268,0.28525166323018236,7.2817397164257915,,,,True,1.0432589552339915
ds003690,inband,3.0,1.0,14.707293347164905,0.9888665303121164,0.04769177893690942,5,5,1,14.869875577787564,0.6996691499412223,0.2880263993627697,8.442690672118545,,,,True,1.0432589552339915
ds003690,inband,3.0,1.5,14.707293347164905,1.5436519028954183,0.02860104051997544,5,5,1,14.883073423447136,0.704733608722,0.29277634473656383,13.755963522511326,,,,True,1.0432589552339915
ds003690,own,0.333,0.0,1.634143705240545,-0.6045208835173906,0.11780440521495926,5,5,1,3.2322778203241986,0.6940714814473108,0.28722816334219226,0.9869605257841194,,,,True,1.4738355568299002
ds003690,own,0.333,0.5,1.634143705240545,0.17784174250177204,0.09087478262434956,5,5,1,3.20900314500287,0.6940585392616121,0.28785921360378486,1.0548117587367662,,,,True,1.4738355568299002
ds003690,own,0.333,1.0,1.634143705240545,0.9436969192791486,0.06162276773493709,5,5,1,3.1948199755194993,0.6940768589207241,0.2885749097595478,1.2913437583199339,,,,True,1.4738355568299002
ds003690,own,0.333,1.5,1.634143705240545,1.5965866522733168,0.04717483913713995,5,5,1,3.2011980117362264,0.6941381288432876,0.2897408074251931,2.3019986052472636,,,,True,1.4738355568299002
ds003690,own,1.0,0.0,4.902431115721635,-0.10223406296774132,0.06503793200750962,5,5,1,9.696833460972597,0.6931808368355307,0.28502093123117866,3.707080862151115,,,,True,1.1000664333818126
ds003690,own,1.0,0.5,4.902431115721635,0.4599823583404201,0.05461942356372611,5,5,1,9.62700943500861,0.6932124960947358,0.28663629804961455,3.90208735171245,,,,True,1.1000664333818126
ds003690,own,1.0,1.0,4.902431115721635,1.0153259504813317,0.043134208826351036,5,5,1,9.584459926558498,0.6932629432150692,0.2885009188109962,4.589150721136366,,,,True,1.1000664333818126
ds003690,own,1.0,1.5,4.902431115721635,1.5460954619549754,0.04157913874946436,5,5,1,9.60359403520868,0.6933588058555689,0.29140879483139864,7.52610383890966,,,,True,1.1000664333818126
ds003690,own,3.0,0.0,14.707293347164905,0.06259428912144971,0.06043419918982298,5,5,1,29.090500382917792,0.6860932052211444,0.28008436431445516,11.53370952896395,,,,True,0.9775509761138169
ds003690,own,3.0,0.5,14.707293347164905,0.5713104774286231,0.04959287088667406,5,5,1,28.881028305025836,0.6868538864471976,0.28382300053502135,12.062077681936847,,,,True,0.9775509761138169
ds003690,own,3.0,1.0,14.707293347164905,1.060657606819516,0.036639783190300944,5,5,1,28.75337977967549,0.6874324596941309,0.2882237404723132,13.97446968429484,,,,True,0.9775509761138169
ds003690,own,3.0,1.5,14.707293347164905,1.5287302061808468,0.03514307890596752,5,5,1,28.81078210562604,0.6879289019882711,0.29474276366119234,22.182488728360006,,,,True,0.9775509761138169
ds003690,pooled,0.333,0.0,1.634143705240545,-0.4517727322011913,0.09874828282944298,5,5,1,3.847306605642101,0.6940526785979341,0.2869547177220831,1.4795943545625703,,,,True,1.4608608506250815
ds003690,pooled,0.333,0.5,1.634143705240545,0.38090089613949296,0.0767681170545964,5,5,1,3.846638001686899,0.6965890622137543,0.2878814017163841,1.536211450629517,,,,True,1.4608608506250815
ds003690,pooled,0.333,1.0,1.634143705240545,1.1298077087793588,0.05730065133741306,5,5,1,3.8109818809413296,0.6991625057329651,0.288937700058933,1.774642423611614,,,,True,1.4608608506250815
ds003690,pooled,0.333,1.5,1.634143705240545,1.7333597479606553,0.03936182926282171,5,5,1,3.8002252042046125,0.701860475309134,0.29060410391905206,2.9562885652630735,,,,True,1.4608608506250815
ds003690,pooled,1.0,0.0,4.902431115721635,-0.0657936072325892,0.06399686356402937,5,5,1,11.541919816926303,0.6926674383879616,0.28437949307213073,5.138065977694858,,,,True,1.1541101192321734
ds003690,pooled,1.0,0.5,4.902431115721635,0.577637698247018,0.058248822126339674,5,5,1,11.539914005060698,0.6989830554963407,0.2867053441310249,5.302639511483546,,,,True,1.1541101192321734
ds003690,pooled,1.0,1.0,4.902431115721635,1.1577775907807673,0.05035568471332209,5,5,1,11.432945642823988,0.7051866428653513,0.2893870474682763,5.996480505821274,,,,True,1.1541101192321734
ds003690,pooled,1.0,1.5,4.902431115721635,1.6643432939764495,0.03904886393291108,5,5,1,11.400675612613838,0.7114298210000666,0.2934152163288965,9.426911359688543,,,,True,1.1541101192321734
ds003690,pooled,3.0,0.0,14.707293347164905,0.08516269315056296,0.06238522359423473,5,5,1,34.6257594507789,0.683380521377949,0.27872671676611177,15.529964216495983,,,,True,1.0309665335976474
ds003690,pooled,3.0,0.5,14.707293347164905,0.6748623473763686,0.06058190876082076,5,5,1,34.619742015182084,0.6977880583229554,0.2839956082115568,15.987827561873967,,,,True,1.0309665335976474
ds003690,pooled,3.0,1.0,14.707293347164905,1.1893274379381886,0.05364133531793263,5,5,1,34.29883692847196,0.7112556450914378,0.2901424835224311,17.928048559432955,,,,True,1.0309665335976474
ds003690,pooled,3.0,1.5,14.707293347164905,1.631951885626035,0.04353048556071488,5,5,1,34.202026837841515,0.7240452100841228,0.2988767018533968,27.502577716892233,,,,True,1.0309665335976474
ds003690,synthetic,0.333,0.0,1.634143705240545,0.004425235929644429,0.05728505326039999,5,5,1,1.65747150720098,0.4431624729147172,0.29788595829063225,1.4362169467866235,,,,True,0.9932125398276762
ds003690,synthetic,0.333,0.5,1.634143705240545,0.5068569041180769,0.04479021392633949,5,5,1,1.6414554241828117,0.44346378402032754,0.29818285479214973,1.4712811163887127,,,,True,0.9932125398276762
ds003690,synthetic,0.333,1.0,1.634143705240545,1.004954807229958,0.03774060818145239,5,5,1,1.6522083975319517,0.443753264735677,0.29836594192865784,1.6100018710958337,,,,True,0.9932125398276762
ds003690,synthetic,0.333,1.5,1.634143705240545,1.4937468346051443,0.03765708261867284,5,5,1,1.6456485961463954,0.4440425217403633,0.2985638659476569,2.186015796675232,,,,True,0.9932125398276762
ds003690,synthetic,1.0,0.0,4.902431115721635,0.021027408105417627,0.054336605053841656,5,5,1,4.972414521602939,0.44203179542749754,0.2970088721842889,4.366114884843928,,,,True,0.9905358718985049
ds003690,synthetic,1.0,0.5,4.902431115721635,0.5145308036899496,0.042005558046664795,5,5,1,4.924366272548435,0.44291133717636777,0.2978384400936753,4.470801908489543,,,,True,0.9905358718985049
ds003690,synthetic,1.0,1.0,4.902431115721635,1.0114803761785853,0.03608655666913526,5,5,1,4.956625192595855,0.4437578447173497,0.2983749853514226,4.885057356465569,,,,True,0.9905358718985049
ds003690,synthetic,1.0,1.5,4.902431115721635,1.5062706704400468,0.037785642506666155,5,5,1,4.936945788439186,0.4446029701729282,0.29895290545230424,6.603659820966011,,,,True,0.9905358718985049
ds003690,synthetic,3.0,0.0,14.707293347164905,0.036906983991974424,0.051156692075011875,5,5,1,14.917243564808821,0.43899480756087633,0.29476172700219616,13.07381615744095,,,,True,0.9842283229751445
ds003690,synthetic,3.0,0.5,14.707293347164905,0.5298787448387814,0.03775429987395989,5,5,1,14.773098817645305,0.4414553934358324,0.29690315584978116,13.383443438956089,,,,True,0.9842283229751445
ds003690,synthetic,3.0,1.0,14.707293347164905,1.0242822049905669,0.031191874952274507,5,5,1,14.869875577787564,0.44383099413958627,0.29841524878024145,14.609924667152736,,,,True,0.9842283229751445
ds003690,synthetic,3.0,1.5,14.707293347164905,1.5124863688999532,0.033780654411950946,5,5,1,14.810837365317559,0.4461964742144825,0.3000308134524407,19.689102856952804,,,,True,0.9842283229751445
ec_pre,inband,0.333,0.0,6.663278592740772,-0.1547915039835266,0.02061090539929765,5,5,1,6.5478008852186225,0.3697282153705049,0.15951957215309906,2.9871110458692796,,,,True,1.0557238834184601
ec_pre,inband,0.333,0.5,6.663278592740772,0.34883509610500296,0.027932435175003163,5,5,1,6.536910276251215,0.3708406140361745,0.1600215988110009,3.0371232968503814,,,,True,1.0557238834184601
ec_pre,inband,0.333,1.0,6.663278592740772,0.8756425416779571,0.035536090430281525,5,5,1,6.541589323724132,0.3720358761687728,0.1605395974783382,3.184400748486395,,,,True,1.0557238834184601
ec_pre,inband,0.333,1.5,6.663278592740772,1.4291458198562552,0.04404685740862789,5,5,1,6.544640643818259,0.3733847295355936,0.1611151635780075,3.4486943045207292,,,,True,1.0557238834184601
ec_pre,inband,1.0,0.0,19.989835778222318,0.03421877544101434,0.02584887631910662,5,5,1,19.64340265565587,0.36992662140110444,0.15797006687060558,9.769843871069275,0.02286192523429162,0.0244263827836482,0.10403446722559832,True,1.0056695797080826
ec_pre,inband,1.0,0.5,19.989835778222318,0.4944807786413478,0.02974188988199682,5,5,1,19.61073082875365,0.37271259283710206,0.15920041372831245,9.916296957327834,0.02721138942097749,0.49831965509155374,0.5943659368693378,True,1.0056695797080826
ec_pre,inband,1.0,1.0,19.989835778222318,0.9949245252227958,0.03631265130767623,5,5,1,19.624767971172396,0.3757205597405583,0.16049850754457803,10.348465825656865,0.04412881902449513,0.979950556247538,1.13158960980614,True,1.0056695797080826
ec_pre,inband,1.0,1.5,19.989835778222318,1.5435201594273358,0.04600022275706544,5,5,1,19.63392193145478,0.37908870722580906,0.1619440611682828,11.12402484262664,0.054520290852953825,1.4955361886080412,1.7182080819590575,True,1.0056695797080826
ec_pre,inband,3.0,0.0,59.96950733466696,0.17343125429151346,0.030545522795648036,5,5,1,58.93020796696761,0.3688639751836866,0.15471482731960207,29.342828562485998,,,,True,1.0548136207940444
ec_pre,inband,3.0,0.5,59.96950733466696,0.6374697078102418,0.03426426965242293,5,5,1,58.83219248626094,0.37512096820390334,0.15741212092034423,29.75941130091504,,,,True,1.0548136207940444
ec_pre,inband,3.0,1.0,59.96950733466696,1.1643155504897804,0.0426885188455643,5,5,1,58.87430391351719,0.38204807514099015,0.16035676249969166,30.99619591096907,,,,True,1.0548136207940444
ec_pre,inband,3.0,1.5,59.96950733466696,1.7558386747217412,0.056660924996537035,5,5,1,58.90176579436434,0.3898350515227819,0.1636700751645809,33.21719992877131,,,,True,1.0548136207940444
ec_pre,pooled,0.333,0.0,6.663278592740772,-0.02089669815368067,0.02068745670331431,5,5,1,13.510406822573717,0.36992992502884475,0.15867626993987496,6.130185575418873,,,,True,1.615022865050781
ec_pre,pooled,0.333,0.5,6.663278592740772,0.8257150091922567,0.030553974610838284,5,5,1,13.577722051002956,0.3749486322503516,0.1603749802076954,6.171738904089362,,,,True,1.615022865050781
ec_pre,pooled,0.333,1.0,6.663278592740772,1.6330599759735747,0.04192777851632309,5,5,1,13.585157887855093,0.37989231329985496,0.16205962682578517,6.295493667033677,,,,True,1.615022865050781
ec_pre,pooled,0.333,1.5,6.663278592740772,2.401693088003848,0.05528318563266388,5,5,1,13.628228740553233,0.38483763656920467,0.1637702997199852,6.5131881895645005,,,,True,1.615022865050781
ec_pre,pooled,1.0,0.0,19.989835778222318,0.1204539962339545,0.024034509812107953,5,5,1,40.531220467721155,0.36940190382402777,0.1561404750087652,18.894575448167707,,,,True,1.4708765200622536
ec_pre,pooled,1.0,0.5,19.989835778222318,0.915878517557599,0.03127359896890216,5,5,1,40.73316615300887,0.3807932382436456,0.1599491037296717,19.012089638929396,,,,True,1.4708765200622536
ec_pre,pooled,1.0,1.0,19.989835778222318,1.6502454513627889,0.04023759987071133,5,5,1,40.75547366356528,0.39184860912959507,0.16372633305993328,19.36783156496086,,,,True,1.4708765200622536
ec_pre,pooled,1.0,1.5,19.989835778222318,2.327125885069313,0.05078253437381561,5,5,1,40.884686221659706,0.4026865326677231,0.167532789488865,19.9955667479312,,,,True,1.4708765200622536
ec_pre,pooled,3.0,0.0,59.96950733466696,0.28629723552705066,0.02786673206410313,5,5,1,121.59366140316348,0.36630313839533074,0.15119944388559078,54.90754002344583,,,,True,1.3359423656157183
ec_pre,pooled,3.0,0.5,59.96950733466696,1.0514983667158189,0.03383539341403444,5,5,1,122.19949845902661,0.3887214548957664,0.15872226043868715,55.21799525799638,,,,True,1.3359423656157183
ec_pre,pooled,3.0,1.0,59.96950733466696,1.7147536584238203,0.041053199461656004,5,5,1,122.26642099069585,0.41001926547373274,0.1661515489318778,56.19665562542334,,,,True,1.3359423656157183
ec_pre,pooled,3.0,1.5,59.96950733466696,2.2917827476505805,0.048624727332870404,5,5,1,122.65405866497912,0.4303603053861834,0.17356588553098248,57.93712721852194,,,,True,1.3359423656157183
ec_pre,synthetic,0.333,0.0,6.663278592740772,0.045015989491486406,0.03236093327632249,5,5,1,6.5483880381361015,0.16204520601816125,0.1582576484399266,6.373156124107188,,,,True,1.0216650195334616
ec_pre,synthetic,0.333,0.5,6.663278592740772,0.5747324487651906,0.04131640596909973,5,5,1,6.552104344662118,0.16266675908451328,0.15868380365258208,6.397712217094778,,,,True,1.0216650195334616
ec_pre,synthetic,0.333,1.0,6.663278592740772,1.08596272103976,0.06040869097421921,5,5,1,6.541589323724132,0.16327414880284102,0.15909320502412075,6.475803092986837,,,,True,1.0216650195334616
ec_pre,synthetic,0.333,1.5,6.663278592740772,1.5773809312890656,0.07632175448854882,5,5,1,6.5430785498169035,0.1638828479993583,0.15950327731874722,6.613655097295856,,,,True,1.0216650195334616
ec_pre,synthetic,1.0,0.0,19.989835778222318,0.09121893852281164,0.028838781312128577,5,5,1,19.645164114408303,0.1599988509480402,0.15674265122104228,19.052035698507485,,,,True,1.0147119811460499
ec_pre,synthetic,1.0,0.5,19.989835778222318,0.6168971673462962,0.040161809992900775,5,5,1,19.656313033986358,0.16171131280708792,0.157911352090162,19.124140597438565,,,,True,1.0147119811460499
ec_pre,synthetic,1.0,1.0,19.989835778222318,1.1247227682812135,0.060006408902955555,5,5,1,19.624767971172396,0.1633929867669212,0.15904453911618416,19.354094408523213,,,,True,1.0147119811460499
ec_pre,synthetic,1.0,1.5,19.989835778222318,1.6131303734545885,0.07634525528717065,5,5,1,19.629235649450713,0.16507817565999958,0.16017995601683485,19.760164107628352,,,,True,1.0147119811460499
ec_pre,synthetic,3.0,0.0,59.96950733466696,0.19821147690637306,0.027801849965313197,5,5,1,58.93549234322492,0.1555581993523633,0.15301041871738302,55.874365249508045,,,,True,0.9944065920996736
ec_pre,synthetic,3.0,0.5,59.96950733466696,0.7248974828906861,0.04446775352699852,5,5,1,58.96893910195908,0.1598040378199961,0.15590187664832006,56.07750952640595,,,,True,0.9944065920996736
ec_pre,synthetic,3.0,1.0,59.96950733466696,1.2219352437883348,0.06354456830034784,5,5,1,58.87430391351718,0.1640067868991447,0.15874122365244822,56.734948508175975,,,,True,0.9944065920996736
ec_pre,synthetic,3.0,1.5,59.96950733466696,1.689876543439946,0.07825263987029045,5,5,1,58.88770694835213,0.16821908401943894,0.1615867107370264,57.89883163634302,,,,True,0.9944065920996736
eo_pre,inband,0.333,0.0,0.4967651278828873,,,0,5,0,0.488387679603067,0.3540336524482095,0.14971047906340657,-0.10226881868360052,,,,False,
eo_pre,inband,0.333,0.5,0.4967651278828873,,,0,5,0,0.49115164016465956,0.3541208117435337,0.14974485878651445,-0.09899775390594903,,,,False,
eo_pre,inband,0.333,1.0,0.4967651278828873,,,0,5,0,0.4928923437626078,0.35421851122575243,0.14978080037177394,-0.08487392582507827,,,,False,
eo_pre,inband,0.333,1.5,0.4967651278828873,,,0,5,0,0.49394729185580216,0.35433508450311424,0.1498228934129467,-0.05800164929442751,,,,False,
eo_pre,inband,1.0,0.0,1.4902953836486619,,,0,5,0,1.4651630388092012,0.35418718307744657,0.14957312585012156,0.4769256331327393,,,,False,
eo_pre,inband,1.0,0.5,1.4902953836486619,-0.5358471407011363,0.1518370086091878,5,5,1,1.4734549204939789,0.35443980689325866,0.1496727354380834,0.4867099017749276,0.14961386701471213,-0.7590254731084569,-0.09033537596010821,False,
eo_pre,inband,1.0,1.0,1.4902953836486619,0.39058733092870374,0.06948846342268176,5,5,1,1.4786770312878232,0.35472024242941524,0.1497770180736715,0.5289780194896744,0.12191818331740585,0.17772433558199202,0.6234516728410378,False,
eo_pre,inband,1.0,1.5,1.4902953836486619,1.1802585601439317,0.03644424897220484,5,5,1,1.4818418755674063,0.35504974640102127,0.149898338213689,0.6093921556377172,0.15877232150538678,0.8295397920436224,1.411892786889002,False,
eo_pre,inband,3.0,0.0,4.470886150945986,-0.19598392991970476,0.04345764416062886,5,5,1,4.395489116427603,0.35451688039724577,0.14919852880314227,2.2066532096729565,,,,True,0.9922018796856521
eo_pre,inband,3.0,0.5,4.470886150945986,0.2759057359973098,0.03652639301750266,5,5,1,4.420364761481936,0.35521667975944393,0.14947425018843888,2.235771400815417,,,,True,0.9922018796856521
eo_pre,inband,3.0,1.0,4.470886150945986,0.7713183417422885,0.028786514480208754,5,5,1,4.43603109386347,0.3559854322185957,0.1497649668489769,2.361737255029808,,,,True,0.9922018796856521
eo_pre,inband,3.0,1.5,4.470886150945986,1.2925483343080555,0.025060755951754422,5,5,1,4.445525626702219,0.35687164790453074,0.15010071132083364,2.6013588696525014,,,,True,0.9922018796856521
eo_pre,pooled,0.333,0.0,0.4967651278828873,,,0,5,0,0.8948503421437539,0.35410044766708176,0.14965770010697155,0.08853032800649364,,,,False,
eo_pre,pooled,0.333,0.5,0.4967651278828873,,,0,5,0,0.8971123627062076,0.35452065059942417,0.14979373142310942,0.09391056242656898,,,,False,
eo_pre,pooled,0.333,1.0,0.4967651278828873,2.2436769112687873,0.12870006430026595,5,5,1,0.8965313611526966,0.3549452865592132,0.1499301794380013,0.10914127414475805,,,,False,
eo_pre,pooled,0.333,1.5,0.4967651278828873,,,0,5,0,0.8963627916405243,0.3553847980783777,0.1500727949313438,0.13781793030716444,,,,False,
eo_pre,pooled,1.0,0.0,1.4902953836486619,-0.49036730412755636,0.06889507616748401,5,5,1,2.6845510264312624,0.3543412505064204,0.1494266253496251,1.0474839965447256,,,,True,2.1310202633404107
eo_pre,pooled,1.0,0.5,1.4902953836486619,0.7196962225913984,0.04286733376386915,5,5,1,2.691337088118623,0.35553532004752525,0.1498112337086573,1.063545229523461,,,,True,2.1310202633404107
eo_pre,pooled,1.0,1.0,1.4902953836486619,1.7778526376771804,0.04464195307355382,5,5,1,2.68959408345809,0.3567373651128585,0.15019731818200543,1.109046937956427,,,,True,2.1310202633404107
eo_pre,pooled,1.0,1.5,1.4902953836486619,2.7086143297445333,0.060369749248465415,5,5,1,2.689088374921573,0.35797331198008453,0.15059938663871586,1.1947270312849194,,,,True,2.1310202633404107
eo_pre,pooled,3.0,0.0,4.470886150945986,-0.053672874035996875,0.040266955828397955,5,5,1,8.053653079293786,0.3547715103781036,0.14882193305260932,3.9034101820851435,,,,True,1.7056081746875151
eo_pre,pooled,3.0,0.5,4.470886150945986,0.8682144043964748,0.03357956667772045,5,5,1,8.07401126435587,0.3579641636688559,0.1498414970569412,3.9509299850731368,,,,True,1.7056081746875151
eo_pre,pooled,3.0,1.0,4.470886150945986,1.721109370782306,0.034658490108802065,5,5,1,8.06878225037427,0.3611543684732354,0.15086539067352395,4.085899354708225,,,,True,1.7056081746875151
eo_pre,pooled,3.0,1.5,4.470886150945986,2.5047090949812505,0.04475646144013664,5,5,1,8.06726512476472,0.36439647770584577,0.15192466057318324,4.340164914434979,,,,True,1.7056081746875151
eo_pre,synthetic,0.333,0.0,0.4967651278828873,-0.14149964033133666,0.10564234658928405,5,5,1,0.4937301814231592,0.1515607759448068,0.14987420245616243,0.4166017322245696,,,,True,1.0853875664761683
eo_pre,synthetic,0.333,0.5,0.4967651278828873,0.5860929009194361,0.09427437946610315,5,5,1,0.49377386529195877,0.15160669384646136,0.14990578387868547,0.41895665329053405,,,,True,1.0853875664761683
eo_pre,synthetic,0.333,1.0,0.4967651278828873,1.090225125810979,0.09134592197219131,5,5,1,0.4928923437626079,0.15165137484551122,0.14993585888659847,0.4284927942761557,,,,True,1.0853875664761683
eo_pre,synthetic,0.333,1.5,0.4967651278828873,1.499435562165096,0.08909961354516535,5,5,1,0.49211455549095295,0.15169598577475035,0.14996587741517559,0.44777800914381344,,,,True,1.0853875664761683
eo_pre,synthetic,1.0,0.0,1.4902953836486619,-0.049837541240788416,0.050245560962037,5,5,1,1.4811905442694775,0.15137735008811487,0.14974850797504985,1.3551630083797899,,,,True,1.052975977022882
eo_pre,synthetic,1.0,0.5,1.4902953836486619,0.5320256509384085,0.05060234397161245,5,5,1,1.481321595875876,0.15151393828851484,0.1498423913400729,1.3622174248736163,,,,True,1.052975977022882
eo_pre,synthetic,1.0,1.0,1.4902953836486619,1.054661763561142,0.0598196759579127,5,5,1,1.4786770312878235,0.15164694511503124,0.14993191989871607,1.3907841005018842,,,,True,1.052975977022882
eo_pre,synthetic,1.0,1.5,1.4902953836486619,1.5309103829231034,0.07069900372111698,5,5,1,1.4763436664728589,0.15177975688807493,0.15002129096098932,1.4485530929495383,,,,True,1.052975977022882
eo_pre,synthetic,3.0,0.0,4.470886150945986,-0.01928776689260718,0.04380634207697102,5,5,1,4.443571632808433,0.15084854558563449,0.1493809686038928,4.162727102386921,,,,True,1.0483115133988288
eo_pre,synthetic,3.0,0.5,4.470886150945986,0.5281554745798461,0.041832723728626925,5,5,1,4.443964787627629,0.15124853122422038,0.1496554600033627,4.183795674051202,,,,True,1.0483115133988288
eo_pre,synthetic,3.0,1.0,4.470886150945986,1.0521700948150925,0.05013619223731272,5,5,1,4.43603109386347,0.15163877293451522,0.1499181472014912,4.269125899648634,,,,True,1.0483115133988288
eo_pre,synthetic,3.0,1.5,4.470886150945986,1.5532265486936916,0.06442481575087612,5,5,1,4.429030999418577,0.15202854626251422,0.1501804521246738,4.44167006085389,,,,True,1.0483115133988288
ec_post,inband,0.333,0.0,7.068421485861546,-0.1457279801290859,0.012948529454678526,5,5,1,6.92400634257344,0.48409548041276357,0.21283216897644852,3.221836700134491,,,,True,0.884355195716706
ec_post,inband,0.333,0.5,7.068421485861546,0.28930709790076925,0.016045582715716065,5,5,1,6.9288591104342165,0.4853047859163596,0.21356875964760866,3.2831183895100864,,,,True,0.884355195716706
ec_post,inband,0.333,1.0,7.068421485861546,0.729221096312217,0.0238923615349145,5,5,1,6.9398915926837255,0.486583207557186,0.2142591792955742,3.474002007611959,,,,True,0.884355195716706
ec_post,inband,0.333,1.5,7.068421485861546,1.181559346594941,0.03530652446100201,5,5,1,6.953061057195967,0.48801200383373455,0.21498856818827097,3.8202822717751403,,,,True,0.884355195716706
ec_post,inband,1.0,0.0,21.20526445758464,-0.006085053498193596,0.010979580250116323,5,5,1,20.77201902772032,0.4847590649228916,0.21092955100667704,10.41825047124875,0.014366125561621574,-0.04352699415652699,0.011302384759454137,True,0.8552298669279135
ec_post,inband,1.0,0.5,21.20526445758464,0.4038479214355946,0.013457789298167397,5,5,1,20.786577331302652,0.4877159307521318,0.2126598759918862,10.597185602442995,0.022472401951345224,0.3420231041971548,0.4284762924192225,True,0.8552298669279135
ec_post,inband,1.0,1.0,21.20526445758464,0.8276261556031163,0.018723166113174414,5,5,1,20.81967477805118,0.49082424247708,0.21434195104015452,11.156388167850448,0.0323251851677525,0.7262655086881137,0.8675144465685218,True,0.8552298669279135
ec_post,inband,1.0,1.5,21.20526445758464,1.278038646659155,0.027788285610427992,5,5,1,20.8591831715879,0.4942343071589118,0.21612238981917525,12.17087195863633,0.04641492605727074,1.1778838970636432,1.3285331481280391,True,0.8552298669279135
ec_post,inband,3.0,0.0,63.61579337275392,0.08015123741970394,0.009278875409347846,5,5,1,62.31605708316094,0.48402913230459027,0.20710060412920894,31.144711030082156,,,,True,0.8916882506797578
ec_post,inband,3.0,0.5,63.61579337275392,0.49340314737068336,0.010767822258702119,5,5,1,62.35973199390796,0.49051044305929137,0.21071778694057058,31.65085736872672,,,,True,0.8916882506797578
ec_post,inband,3.0,1.0,63.61579337275392,0.9360131307906914,0.013683133043339304,5,5,1,62.45902433415355,0.49741073069694625,0.21440488356867937,33.246632681401906,,,,True,0.8916882506797578
ec_post,inband,3.0,1.5,63.61579337275392,1.4187616607459639,0.020719831839280896,5,5,1,62.57754951476371,0.5049341819886056,0.21835891609651287,36.14387746741462,,,,True,0.8916882506797578
ec_post,pooled,0.333,0.0,7.068421485861546,-0.047655560467440336,0.01277711498459891,5,5,1,14.089760720119141,0.4846038789316779,0.211935039244851,6.364460155548895,,,,True,1.3770820731858093
ec_post,pooled,0.333,0.5,7.068421485861546,0.6560030076237977,0.009745215392330166,5,5,1,14.062318330492921,0.4893810425705049,0.21402522662031903,6.405753432906299,,,,True,1.3770820731858093
ec_post,pooled,0.333,1.0,7.068421485861546,1.3481841751928367,0.014016297827249684,5,5,1,14.026404118218572,0.4940521487715066,0.21601728479751267,6.568816837371952,,,,True,1.3770820731858093
ec_post,pooled,0.333,1.5,7.068421485861546,2.016754172319229,0.020595679924155744,5,5,1,14.034931127606402,0.4987209632980341,0.21800401996070348,6.864363417732468,,,,True,1.3770820731858093
ec_post,pooled,1.0,0.0,21.20526445758464,0.05073609708044843,0.01113305823534206,5,5,1,42.26928216035742,0.48461957609021294,0.2090262655840695,19.52798949910947,,,,True,1.2780587428505261
ec_post,pooled,1.0,0.5,21.20526445758464,0.7228006224549535,0.00988227158453197,5,5,1,42.18695499147876,0.4953281505421045,0.21363789366017555,19.643011336885717,,,,True,1.2780587428505261
ec_post,pooled,1.0,1.0,21.20526445758464,1.3641643477738488,0.013805884220819664,5,5,1,42.079212354655716,0.505611679498444,0.218074563611215,20.110659325686246,,,,True,1.2780587428505261
ec_post,pooled,1.0,1.5,21.20526445758464,1.9670460933916931,0.019211406964754672,5,5,1,42.10479338281921,0.515634920809379,0.22247242690601338,20.961262175185205,,,,True,1.2780587428505261
ec_post,pooled,3.0,0.0,63.61579337275392,0.1442898353114376,0.010166010642789537,5,5,1,126.80784648107226,0.48157180124774746,0.2035730694740669,56.60679049146188,,,,True,1.1903850732053942
ec_post,pooled,3.0,0.5,63.61579337275392,0.8008628176422018,0.010339127481644839,5,5,1,126.5608649744363,0.5024821105595513,0.21251436062764112,56.90096580495136,,,,True,1.1903850732053942
ec_post,pooled,3.0,1.0,63.61579337275392,1.3958888888738397,0.013900497845255438,5,5,1,126.23763706396714,0.5220614242108789,0.22117736113671568,58.18320392660884,,,,True,1.1903850732053942
ec_post,pooled,3.0,1.5,63.61579337275392,1.9299229335765484,0.018424675778392192,5,5,1,126.31438014845764,0.5405583948527546,0.22971860705416053,60.53534150086604,,,,True,1.1903850732053942
ec_post,synthetic,0.333,0.0,7.068421485861546,0.009619113616175998,0.01330461266906915,5,5,1,6.9553503506881516,0.24286387272006466,0.21006024204905968,6.5512982719266635,,,,True,1.0274901782938257
ec_post,synthetic,0.333,0.5,7.068421485861546,0.5343428374141521,0.0160572024870332,5,5,1,6.935659977766033,0.24373603364205998,0.2106788332263771,6.596358295640637,,,,True,1.0274901782938257
ec_post,synthetic,0.333,1.0,7.068421485861546,1.047112119980788,0.02036935347950201,5,5,1,6.939891592683727,0.24457348133970905,0.21124977032717332,6.734642220547809,,,,True,1.0274901782938257
ec_post,synthetic,0.333,1.5,7.068421485861546,1.5511796499170065,0.022588588868376412,5,5,1,6.946111034307161,0.2454103465759879,0.21181843810929118,6.983740732620795,,,,True,1.0274901782938257
ec_post,synthetic,1.0,0.0,21.20526445758464,0.03935480759866989,0.015891793782321514,5,5,1,20.866051052064456,0.23996661185681534,0.20797260121302025,19.57547586923493,,,,True,1.020559810156766
ec_post,synthetic,1.0,0.5,21.20526445758464,0.5611220393556371,0.0169416362062767,5,5,1,20.806979933298095,0.24235840872440018,0.20964108588879676,19.707750816675542,,,,True,1.020559810156766
ec_post,synthetic,1.0,1.0,21.20526445758464,1.0705161493122595,0.02081905443297481,5,5,1,20.81967477805118,0.24466992515722122,0.21121137332478063,20.114778008773328,,,,True,1.020559810156766
ec_post,synthetic,1.0,1.5,21.20526445758464,1.570489787874405,0.02331849961208516,5,5,1,20.83833310292148,0.2469755536856364,0.21277771399409162,20.848131607792048,,,,True,1.020559810156766
ec_post,synthetic,3.0,0.0,63.61579337275392,0.10214896383929466,0.0193696697967696,5,5,1,62.59815315619336,0.23355305036188376,0.20305150280402673,57.37909020480439,,,,True,1.003806218869489
ec_post,synthetic,3.0,0.5,63.61579337275392,0.6273135369000309,0.018999381823815678,5,5,1,62.42093979989429,0.23944975013568576,0.20708513208976545,57.75173546369226,,,,True,1.003806218869489
ec_post,synthetic,3.0,1.0,63.61579337275392,1.1281583319780477,0.02244255590311549,5,5,1,62.45902433415354,0.24519778213015792,0.2109763816646652,58.914218719107964,,,,True,1.003806218869489
ec_post,synthetic,3.0,1.5,63.61579337275392,1.6082110635957707,0.025412012537716955,5,5,1,62.51499930876445,0.2509114163811693,0.21486506621764384,61.01342906938902,,,,True,1.003806218869489
eo_post,inband,0.333,0.0,0.7231679649961349,,,0,5,0,0.7099774886559902,0.46109326299989084,0.20187590821497836,0.06882380078101129,,,,False,
eo_post,inband,0.333,0.5,0.7231679649961349,,,0,5,0,0.7101335458293221,0.4612221327477104,0.20195112880945448,0.07751752885167237,,,,False,
eo_post,inband,0.333,1.0,0.7231679649961349,,,0,5,0,0.7129384928091299,0.4613654754106495,0.20202779180263303,0.1021249651048064,,,,False,
eo_post,inband,0.333,1.5,0.7231679649961349,1.3222013724053567,0.028601755280611686,5,5,1,0.7172144783654277,0.46153695617059987,0.20212065394694786,0.14841691364369966,,,,False,
eo_post,inband,1.0,0.0,2.169503894988405,-0.6356499543270082,0.04874914649733301,5,5,1,2.1299324659679706,0.46131895432696945,0.2015931431043377,0.9525791871936031,0.07578144571502057,-0.7328612489219533,-0.45342307175677216,True,1.3067654882586262
eo_post,inband,1.0,0.5,2.169503894988405,0.03858205167817836,0.03434455132588269,5,5,1,2.1304006374879663,0.46168891675554297,0.20180584095183446,0.9785659392414848,0.05941029532555899,-0.07309486347568725,0.16409825831415648,True,1.3067654882586262
eo_post,inband,1.0,1.0,2.169503894988405,0.6946945351798732,0.021892772433273762,5,5,1,2.1388154784273894,0.4620955415241316,0.20202488564200155,1.0521279665564274,0.05891326429915853,0.6089294217730896,0.8201143710310587,True,1.3067654882586262
eo_post,inband,1.0,1.5,2.169503894988405,1.3235883649368028,0.01232699514422853,5,5,1,2.1516434350962834,0.4625738304753083,0.2022868867473761,1.1904971801481392,0.07490656956521707,1.208629187168356,1.4702820117579332,True,1.3067654882586262
eo_post,inband,3.0,0.0,6.508511684965215,-0.13143000702311497,0.017806180289361564,5,5,1,6.389797397903912,0.4617314583480782,0.20085466549331477,3.586527653896895,,,,True,0.9934939026703916
eo_post,inband,3.0,0.5,6.508511684965215,0.34512312615500995,0.016672638081070407,5,5,1,6.391201912463898,0.4627399766542594,0.20142311535094243,3.6637196970090713,,,,True,0.9934939026703916
eo_post,inband,3.0,1.0,6.508511684965215,0.8400814678099338,0.014149826985560733,5,5,1,6.416446435282169,0.46383404604140716,0.20201669632993768,3.8823461977530966,,,,True,0.9934939026703916
eo_post,inband,3.0,1.5,6.508511684965215,1.3594070502092297,0.010999565237848397,5,5,1,6.454930305288849,0.46509366275950204,0.20271528533798744,4.293515128137939,,,,True,0.9934939026703916
eo_post,pooled,0.333,0.0,0.7231679649961349,,,0,5,0,1.2779148249378833,0.46120397577283734,0.20177114858340253,0.3468956591205047,,,,False,
eo_post,pooled,0.333,0.5,0.7231679649961349,0.004743437310063165,0.05379558340117354,5,5,1,1.2809719749288202,0.461740930800363,0.20199620212923,0.35347332754229166,,,,False,
eo_post,pooled,0.333,1.0,0.7231679649961349,1.4457017318765204,0.03031022008348116,5,5,1,1.281621590485944,0.46228684051232183,0.20221767329197685,0.37373223294699853,,,,False,
eo_post,pooled,0.333,1.5,0.7231679649961349,2.475924521818137,0.059668113096581425,5,5,1,1.2797276085666793,0.46285983210651693,0.20245230265317876,0.41085201932206045,,,,False,
eo_post,pooled,1.0,0.0,2.169503894988405,-0.28364916624964903,0.024536663521437206,5,5,1,3.8337444748136504,0.4615516953586777,0.20131224301874515,1.7828623290968555,,,,True,1.6120411764904314
eo_post,pooled,1.0,0.5,2.169503894988405,0.5878818112374471,0.01138298823911881,5,5,1,3.842915924786461,0.4630589447102791,0.20193320475787835,1.8024513662887045,,,,True,1.6120411764904314
eo_post,pooled,1.0,1.0,2.169503894988405,1.3940673492576434,0.018720333448084873,5,5,1,3.8448647714578326,0.4645806339871609,0.2025482881340242,1.8628618084316808,,,,True,1.6120411764904314
eo_post,pooled,1.0,1.5,2.169503894988405,2.1343576152276706,0.03430858712896229,5,5,1,3.839182825700039,0.4661598826669005,0.2031963991374582,1.9735657778240163,,,,True,1.6120411764904314
eo_post,pooled,3.0,0.0,6.508511684965215,-0.050002799260753496,0.015805234531474057,5,5,1,11.501233424440947,0.4620275878222232,0.20016903702554437,6.046337668213671,,,,True,1.3962966788857436
eo_post,pooled,3.0,0.5,6.508511684965215,0.6925235012440618,0.009713426452627058,5,5,1,11.528747774359385,0.465959128812265,0.2017555797925213,6.1039217276933915,,,,True,1.3962966788857436
eo_post,pooled,3.0,1.0,6.508511684965215,1.390950982862091,0.016826761247736386,5,5,1,11.534594314373498,0.46988131955368395,0.20333688975796244,6.282306593160326,,,,True,1.3962966788857436
eo_post,pooled,3.0,1.5,6.508511684965215,2.044349171676142,0.029490470172869612,5,5,1,11.517548477100116,0.4738785958187666,0.20498902858715945,6.609430398904121,,,,True,1.3962966788857436
eo_post,synthetic,0.333,0.0,0.7231679649961349,-0.08882120318028129,0.056235702835017234,5,5,1,0.7126534512501234,0.23176618298571544,0.20134908705972143,0.6354643257390757,,,,True,1.038141035299131
eo_post,synthetic,0.333,0.5,0.7231679649961349,0.5265243204608114,0.054133946747131394,5,5,1,0.7135593875408978,0.23185550670900165,0.20141353922629532,0.6399349048617827,,,,True,1.038141035299131
eo_post,synthetic,0.333,1.0,0.7231679649961349,1.0341832909361646,0.058007576307698476,5,5,1,0.7129384928091299,0.23194129178426853,0.20147186557325752,0.6539100673707681,,,,True,1.038141035299131
eo_post,synthetic,0.333,1.5,0.7231679649961349,1.4721941988264857,0.06052218409699894,5,5,1,0.715245422005994,0.23202717255181246,0.20153005809523683,0.6795789596761603,,,,True,1.038141035299131
eo_post,synthetic,1.0,0.0,2.169503894988405,-0.029870163148985253,0.019736377551265855,5,5,1,2.1379603537503704,0.23141888274050526,0.2011061110139713,2.0191197607319626,,,,True,1.0216069525147287
eo_post,synthetic,1.0,0.5,2.169503894988405,0.5104397549319184,0.02031519583426122,5,5,1,2.140678162622694,0.23168379652413607,0.20129650229442458,2.032501692794331,,,,True,1.0216069525147287
eo_post,synthetic,1.0,1.0,2.169503894988405,1.0210064766742803,0.02903834150718092,5,5,1,2.1388154784273903,0.2319385069217162,0.20146959133028677,2.074335534478435,,,,True,1.0216069525147287
eo_post,synthetic,1.0,1.5,2.169503894988405,1.5026191837947749,0.03956806713746771,5,5,1,2.145736266017982,0.2321934340051317,0.2016423106450227,2.1511704253064243,,,,True,1.0216069525147287
eo_post,synthetic,3.0,0.0,6.508511684965215,-0.0058710491729464884,0.012675223931408823,5,5,1,6.413881061251112,0.23042506722477155,0.2004081396833579,6.1524600002309775,,,,True,1.017294478920553
eo_post,synthetic,3.0,0.5,6.508511684965215,0.5151808708389655,0.010666348708448238,5,5,1,6.42203448786808,0.2311945390913998,0.20095599471519762,6.192334809304772,,,,True,1.017294478920553
eo_post,synthetic,3.0,1.0,6.508511684965215,1.0245077516165673,0.019397395660763827,5,5,1,6.41644643528217,0.2319365142501725,0.20145951100778747,6.3170318943827635,,,,True,1.017294478920553
eo_post,synthetic,3.0,1.5,6.508511684965215,1.5198441221021075,0.032294695105868174,5,5,1,6.437208798053946,0.2326786206502664,0.20196216372079787,6.546042615313885,,,,True,1.017294478920553
