lambda_true,rep,band,harmonic,plateau,delta_sd,delta_corr,iv_log,n_iv,gmm,gmm_lo,gmm_hi,gmm_fail,n,frac_neg
0.0,0,alpha,0.0,0.0,0.0,0.0,0.3127013380915734,340,-0.1654092172060721,-0.23896719407424327,-0.003727260540692616,0.0,400,0.0575
0.0,0,control,0.0,0.0,0.0,0.0,-0.08910519824027859,124,0.40550201006986913,0.04125957896078572,0.7229545688909526,0.0,400,0.306875
0.0,1,alpha,0.0,0.0,0.0,0.0,0.07252285215798852,322,0.008212480332142438,-0.3030418871433266,0.16358138570437294,0.0,400,0.07
0.0,1,control,0.0,0.0,0.0,0.0,-0.1531668005406024,142,0.4307799239345118,0.05714584921707094,1.0767272738798355,0.0,400,0.288125
0.0,2,alpha,0.0,0.0,0.0,0.0,0.03651683264976088,318,-0.3798025819588705,-0.4910135117647691,0.22697545346630724,0.21999999999999997,400,0.085
0.0,2,control,0.0,0.0,0.0,0.0,0.312680660647444,135,0.19520010814366603,-0.29969751742633804,0.5708191660099976,0.010000000000000009,400,0.296875
0.25,0,alpha,0.0,0.0,0.0,0.0,0.28422417124105154,354,0.2934186838013613,0.04218279105443552,0.3856444237776113,0.0,400,0.048125
0.25,0,control,0.0,0.0,0.0,0.0,0.2175849914801515,120,0.3470927779398786,-0.306772372212991,0.9130146460848232,0.010000000000000009,400,0.306875
0.25,1,alpha,0.0,0.0,0.0,0.0,0.3092411260913537,330,0.3782306724354151,0.21974821129668778,0.6273048488328323,0.0,400,0.0625
0.25,1,control,0.0,0.0,0.0,0.0,0.4823076253586335,122,0.8092462571984419,0.37396059635614254,1.31330927998156,0.0,400,0.31625
0.25,2,alpha,0.0,0.0,0.0,0.0,0.48865894126036186,344,0.18191225946267214,0.06492749940464967,0.2888793174319054,0.0,400,0.05375
0.25,2,control,0.0,0.0,0.0,0.0,0.5522597846268845,108,0.12229634645915906,-0.3934629213255235,0.7618449212009594,0.015000000000000013,400,0.333125
0.5,0,alpha,0.0,0.0,0.0,0.0,0.47928505337704047,368,0.5224288340790242,0.3944698733854997,0.6617084959678704,0.0,400,0.026875
0.5,0,control,0.0,0.0,0.0,0.0,0.3226801439313614,102,,-0.48407107738574595,0.45014265348957105,0.65,400,0.336875
0.5,1,alpha,0.0,0.0,0.0,0.0,0.40875028906315736,366,0.45203363389835877,0.3123185860331127,0.5829951434990824,0.0,400,0.026875
0.5,1,control,0.0,0.0,0.0,0.0,0.9838428286065153,84,0.23411353980000912,-0.4291732120117702,1.2611937886516291,0.22499999999999998,400,0.360625
0.5,2,alpha,0.0,0.0,0.0,0.0,0.3909824416137375,380,0.38650097249045035,0.24824876162687623,0.5221500395642301,0.0,400,0.015
0.5,2,control,0.0,0.0,0.0,0.0,-0.0021264170640999556,99,0.23350030272068595,-0.34177598207779947,0.7980980527030863,0.030000000000000027,400,0.34875
0.75,0,alpha,0.0,0.0,0.0,0.0,0.7794639209776796,395,0.7662423541450506,0.6498069916932552,0.8763666477227884,0.0,400,0.003125
0.75,0,control,0.0,0.0,0.0,0.0,0.5562216022176497,74,,-0.47833583145774033,0.8710597864956067,0.8200000000000001,400,0.36125
0.75,1,alpha,0.0,0.0,0.0,0.0,0.7611917950934154,394,0.81558810744843,0.7026839591499523,0.9295225568513775,0.0,400,0.004375
0.75,1,control,0.0,0.0,0.0,0.0,1.6412032685621047,62,,0.04815628448036747,1.4927365726955406,0.815,400,0.385
0.75,2,alpha,0.0,0.0,0.0,0.0,0.5721002296781885,390,0.7016069963389329,0.5944551101079643,0.8054876523753244,0.0,400,0.00625
0.75,2,control,0.0,0.0,0.0,0.0,1.5421643604772768,66,0.14251918176999243,-0.40658408031891063,1.4463448152104763,0.565,400,0.368125
1.0,0,alpha,0.0,0.0,0.0,0.0,1.0660652026405952,399,1.0135481927602878,0.8996653598224054,1.1276630708228927,0.0,400,0.00125
1.0,0,control,0.0,0.0,0.0,0.0,0.7926247917218363,53,,-0.3876990559415484,1.4119742120201066,0.615,400,0.40625
1.0,1,alpha,0.0,0.0,0.0,0.0,1.02802770084457,399,1.027056004439982,0.8907745719319833,1.1330954447776909,0.0,400,0.000625
1.0,1,control,0.0,0.0,0.0,0.0,0.6646219487181332,77,0.8889043736532477,-0.3260140146952704,1.4581731998096614,0.45499999999999996,400,0.366875
1.0,2,alpha,0.0,0.0,0.0,0.0,1.0218417757863572,399,1.0260035304241297,0.899084761896008,1.1342550891230652,0.0,400,0.000625
1.0,2,control,0.0,0.0,0.0,0.0,-1.1992002261987422,52,,-0.251488362398932,1.4543149272351912,0.86,400,0.40125
