fit_lo,fit_hi,censor_lo,censor_hi,harmonic,iaf_shift,model,n,r_exp_alpha,r_b_alpha,d_exp_post
2.0,40.0,6.0,16.0,0.15,0.0,fixed,1729,0.21593259780981722,0.1970454493013004,0.03062943023759539
4.0,40.0,6.0,16.0,0.15,0.0,fixed,1779,0.131939412605992,0.13492606733350174,0.15876948024465967
5.0,40.0,7.0,16.0,0.15,0.0,fixed,1799,0.17634481788203835,0.17823719250512568,0.2833849550342494
2.0,30.0,6.0,16.0,0.15,0.0,fixed,1750,-0.20682566182546872,0.22484337977888505,-0.08072619996903495
2.0,40.0,6.0,16.0,0.0,0.0,fixed,1740,0.16982503281842504,0.19660035253058344,0.030838332749783478
4.0,40.0,6.0,16.0,0.0,0.0,fixed,1783,0.09440290278425602,0.12578231724337866,0.06815993844605123
5.0,40.0,7.0,16.0,0.0,0.0,fixed,1800,0.17522810755898993,0.19566921900197504,0.16566156953865388
2.0,30.0,6.0,16.0,0.0,0.0,fixed,1761,0.19993375393473098,0.20832669502340848,0.033284885016198064
2.0,40.0,6.0,16.0,0.15,-0.3,fixed,1731,0.35750037170668536,0.19623785643302913,0.02554146034531022
4.0,40.0,6.0,16.0,0.15,-0.3,fixed,1777,0.17073301744645758,0.141524558089751,0.1518276998673733
5.0,40.0,7.0,16.0,0.15,-0.3,fixed,1798,0.22831197187107558,0.20289647952101963,0.2683456420124556
2.0,30.0,6.0,16.0,0.15,-0.3,fixed,1747,-0.12792486990587396,0.21873284990674863,-0.09166603397499973
