scenario,n,analytic,peak_rel_band,ols_true,sd_dlnb,lf_true,lf_true_lo,lf_true_hi,lf_true_fail,lf_fixed,lf_fixed_lo,lf_fixed_hi,lf_fixed_fail,lf_knee,lf_knee_lo,lf_knee_hi,lf_knee_fail
gain,300,1.0000000000022202,0.579959750896545,0.9999999999999987,0.2858643342550039,0.9957110783374572,0.9368061014494804,1.053738022632374,0.0,1.0163155476440164,0.9542255948342603,1.0869032903614817,0.0,0.9743899793920123,0.8649568439043638,1.089771085832254,0.0
synaptic_gain,300,1.0000000000022202,1.1595099733738405,0.9999999999999996,0.3080085170669165,1.0400805083272873,0.9770910946955115,1.1040499225384965,0.0,1.0271145314004608,0.9671330026386422,1.098734203302894,0.0,1.0498525629469222,0.9460650539537521,1.1881331198011675,0.0
tau_i,300,1.3318041379364913,0.734848647331516,1.4274851726343434,0.1054369082469569,1.487544083529782,1.3072099985423535,1.6344231139930412,0.0,1.8381852717101896,1.4371130354347463,2.260228444251712,0.0,0.8169458756234602,0.510889109404556,1.1580576681648578,0.0
gi_rhythm_i,300,1.3227262209517783,0.3938232489247503,1.2270649056177036,0.24283847336154932,1.2579030393912645,1.1754277873489332,1.3378303261112852,0.0,1.3607664934612722,1.2718094792439822,1.4521890836994826,0.0,1.116133052706621,0.9991875236388552,1.2312991411706067,0.0
gi_rhythm_e,300,0.0,3.249085974598811,-2.133946005054317e-16,0.24974037200927457,-0.02733579950381265,-0.061014953628211174,0.005225359301161141,0.0,0.039548756987916656,-0.005027270014422488,0.07914877447138459,0.0,-0.01885453906600505,-0.07355975776213305,0.02880341703355727,0.0
drive_relative,300,2.0000000000041385,0.46757523972492027,1.9999999999999993,0.20745860158194654,2.072140967711834,1.9871996994311885,2.1732014527764565,0.0,1.9256619830274584,1.8108670572416827,2.0418662639981013,0.0,2.0686660934846985,1.8268242353216835,2.379321788579702,0.0
drive_absolute,300,2.220446049254282e-12,1.3215123864981093,-5.165572187105528e-16,0.21431418150921894,-0.06176662244674054,-0.1431154204414501,0.02619900067062156,0.0,0.09511833453666693,0.018012958655858134,0.1745578256175025,0.0,-0.10211971637180384,-0.20760940321602295,0.029223495657083962,0.0
separate_common_gain,300,1.0,1.2237882840987486,1.0000000000000009,0.29399736540412685,1.0260693425894016,0.9961682171034231,1.0538743097379335,0.0,1.0191096594914035,0.9732512765300395,1.0599048643426645,0.0,0.9800051289113715,0.8984333686062715,1.0559253022163242,0.0
separate_background_drive,300,0.0,1.7608465238110094,-3.211817574650205e-16,0.17243328678218123,-0.08450794743366448,-0.1399762656352359,-0.032986705932405234,0.0,-0.022108937968152848,-0.0812596397325675,0.03795918251118655,0.0,-0.08590277047725385,-0.17536189053203174,-0.0015132508018094887,0.0
sources_phi0.2,300,0.4000060001691123,1.0357347077453996,0.46346829714685195,0.17719972807157214,0.477695677196733,0.3487152610074334,0.6032739941369408,0.0,0.4427722727150702,0.3066198585558544,0.553858398238294,0.0,0.3531729218996365,0.1275560444686706,0.558563326790105,0.0
sources_phi0.5,300,1.0000000000044404,0.27091251165080055,1.0000000000000004,0.18204516267436388,0.9697782827359722,0.8447638475782004,1.1031678071490858,0.0,0.9826660869276926,0.8580980902102336,1.1121819326470475,0.0,1.0270064947881423,0.8141675855770019,1.2850498707331426,0.0
sources_phi0.9,300,1.79996400066267,0.48031081431599243,1.5621312464910224,0.18529068096230925,1.5514609617898223,1.4504739726758624,1.6500531390253674,0.0,1.488001572462407,1.380484984616486,1.6244765960164929,0.0,1.7223981939393114,1.4997374710163842,2.0505351756725982,0.0
mix_gain0.25,300,0.25,0.5534646056954884,0.25713720512643123,0.28483067646909743,0.2374429392786834,0.16358208519134726,0.31974673028985834,0.0,0.35004183621938506,0.28445268217020814,0.4354439303235593,0.0,0.19806947261926122,0.10491948991942367,0.32140228144966654,0.0
mix_gain0.5,300,0.5,1.0155034526298827,0.507837004616535,0.3013497104829601,0.5141792937254618,0.4246379409294542,0.6064565828597148,0.0,0.5986223255029118,0.5189066425125226,0.6796491741484468,0.0,0.4432260942406494,0.33406435652479255,0.5387694693595921,0.0
mix_gain0.75,300,0.75,0.4990650242456378,0.7336500308990243,0.3021691542717609,0.7491712669623558,0.6633803334052204,0.8366676946443681,0.0,0.759280691897491,0.6998804515434213,0.8408334326844941,0.0,0.7067274721568566,0.5958026380875888,0.8240146904270995,0.0
