agent,model,band,adjust,n,excluded_a_le_0,s_a,s_b,s_b_lo,s_b_hi,lam_star_bounded,lam_star,hdi_lo,hdi_hi,p_cross_in_01,lam0,lam0_lo,lam0_hi,lam1,lam1_lo,lam1_hi
propofol,fixed,iaf,sex + remifentanil,2945,4,-0.26904508355706697,-0.05086201737801806,-0.06572938053653431,-0.03623598883761795,True,5.289705313052426,4.175714697274594,6.948924852845347,0.0,-0.26904508355706697,-0.2913461058275305,-0.24714556308420307,-0.21818306617904892,-0.23471846766834734,-0.20209435001829684
propofol,fixed,iaf,+ dose,2945,4,-0.25680768344505706,-0.04226701639621452,-0.05703506628023361,-0.02708170977213298,True,6.075841290469158,4.356642660850524,8.417137946732986,0.0,-0.25680768344505706,-0.27943486704260967,-0.23452121477192894,-0.21454066704884253,-0.2311897866244685,-0.19808753233988843
propofol,fixed,8-12,sex + remifentanil,2946,3,-0.24528082687360742,-0.11540577977730274,-0.13017317207292223,-0.10087653232526403,True,2.1253773194628827,1.9334004879317666,2.3460750209024877,0.0,-0.24528082687360742,-0.26844239921503943,-0.22298238676232915,-0.12987504709630468,-0.14679482874045482,-0.11331545129189341
propofol,fixed,8-12,+ dose,2946,3,-0.2315676824712206,-0.1030014801502721,-0.1176191427879612,-0.0883040103052273,True,2.248197619426237,2.0212781113158287,2.527930270903596,0.0,-0.2315676824712206,-0.25455259840701006,-0.20830103992745355,-0.12856620232094848,-0.14571623970454178,-0.11174774679173435
propofol,knee_plateau,iaf,sex + remifentanil,2176,773,-0.2763463874161192,-0.11119386474175015,-0.13056176224868069,-0.09208699130134161,True,2.4852665033087833,2.112526697519914,2.941887397292699,0.0,-0.2763463874161192,-0.3132695224740767,-0.23795220580802007,-0.16515252267436908,-0.19972532736339516,-0.13247399561608988
propofol,knee_plateau,iaf,+ dose,2176,773,-0.27079291335288697,-0.09906684335844881,-0.11832540549300828,-0.08029122159934446,True,2.733436376619874,2.2728107059650835,3.2922084962074174,0.0,-0.27079291335288697,-0.3083640757863661,-0.230745749534271,-0.17172606999443815,-0.20665591902371022,-0.13739374070384713
propofol,knee_plateau,8-12,sex + remifentanil,2027,922,-0.21888417793460602,-0.14610194192021583,-0.16647988374351727,-0.12538919135894536,True,1.498160633991679,1.2240110284767933,1.751498450425753,0.0005,-0.21888417793460602,-0.2589832305632365,-0.17796955390365252,-0.07278223601439018,-0.10873213747524195,-0.03674157487787914
propofol,knee_plateau,8-12,+ dose,2027,922,-0.21200210205325723,-0.13076966875304422,-0.15056314455925657,-0.109763114305939,True,1.6211871152906165,1.303705368839155,1.914734162919467,0.0,-0.21200210205325723,-0.25408328067869906,-0.17063306938238848,-0.08123243330021301,-0.11770178657449339,-0.043813007310879386
sevoflurane,fixed,iaf,sex + remifentanil,1331,22,-0.17750452815191645,-0.017926483727228625,-0.04620755336177837,0.010334775172527752,False,9.901803993066634,-68.80829164711388,85.03374370774708,0.0,-0.17750452815191645,-0.21428467631414172,-0.14148280574656444,-0.15957804442468781,-0.19588298622675526,-0.12478359409969994
sevoflurane,fixed,iaf,+ dose,1331,22,-0.17451920414803296,0.024476297806849068,-0.0018491942142367342,0.05081075500249595,False,-7.130130770806287,-73.09219384859857,-1.7591157434632814,0.0,-0.17451920414803296,-0.2147242906498984,-0.13475548017178157,-0.19899550195488203,-0.23564922437930955,-0.1646381787376887
sevoflurane,fixed,8-12,sex + remifentanil,1328,25,-0.2929615367646929,-0.12502813321917347,-0.1485562226543937,-0.09953307874586582,True,2.343164927937725,2.001460632997383,2.7044139159812013,0.0,-0.2929615367646929,-0.33036568199285155,-0.25630200673875075,-0.16793340354551942,-0.19847131789891412,-0.13959847930580258
sevoflurane,fixed,8-12,+ dose,1328,25,-0.3137764079773446,-0.10888319641610675,-0.1318264482903854,-0.08329793648864049,True,2.8817707259274457,2.432702827354736,3.4467585214098695,0.0,-0.3137764079773446,-0.3535874203473238,-0.2746025762344383,-0.20489321156123783,-0.2362241223399989,-0.17725240590747834
sevoflurane,knee_plateau,iaf,sex + remifentanil,305,1048,-0.1907620820238625,-0.0790812847777313,-0.13822384994683753,-0.009922088878664033,True,2.412227906514484,0.03838858683114881,6.995938479311802,0.0435,-0.1907620820238625,-0.3194612266609282,-0.04062842074861415,-0.1116807972461312,-0.22895155225433084,0.023531682463542865
sevoflurane,knee_plateau,iaf,+ dose,305,1048,-0.19176952192556845,-0.08188048856850387,-0.13773242950253317,-0.01928527572922228,True,2.3420661659233732,0.31534281966150046,5.663853956798965,0.0455,-0.19176952192556845,-0.32148465557696704,-0.045240850192437385,-0.10988903335706458,-0.2274042299141496,0.0273290707393067
sevoflurane,knee_plateau,8-12,sex + remifentanil,252,1101,-0.16557469794581509,-0.1497908163961583,-0.22549471509461985,-0.06466985254166842,True,1.1053728254468718,0.2652263287161753,2.014526043745156,0.395,-0.16557469794581509,-0.2935259771645465,-0.03864863134108689,-0.015783881549656792,-0.13386547486781283,0.0905492708269596
sevoflurane,knee_plateau,8-12,+ dose,252,1101,-0.16527690083911573,-0.12409230932040913,-0.1998097706460615,-0.04851874025392677,True,1.331886736126145,0.3190780626031483,2.625663214918252,0.234,-0.16527690083911573,-0.2964376049680293,-0.03561000698409072,-0.0411845915187066,-0.15952342965459415,0.06899166677984249
