agent,measure,per_decade,lo,hi,p,n
propofol,total alpha 8-12 Hz (dB),-0.8813370856598114,-0.9643903946185286,-0.7982837767010942,4.460306244919048e-96,2949
propofol,relative alpha 8-12 / 1-40 Hz,-0.0042993771529297444,-0.006278031485014124,-0.0023207228208453647,2.0555917089109137e-05,2949
propofol,specparam flattened alpha (log10),-0.06443294215461579,-0.06897660465204074,-0.05988927965719083,5.135828155855787e-170,2949
propofol,background at alpha (dB),-0.21555360509853733,-0.28060953792529675,-0.1504976722717779,8.355198218410674e-11,2949
propofol,aperiodic exponent,0.005860886656645885,-0.00010598369302247494,0.011827757006314246,0.05421046296102129,2949
sevoflurane,total alpha 8-12 Hz (dB),-0.9155641798919346,-1.0417489106946842,-0.7893794490891849,6.7877851207527674e-46,1353
sevoflurane,relative alpha 8-12 / 1-40 Hz,-0.003397842708937673,-0.006005301909281071,-0.0007903835085942756,0.01064699708811785,1353
sevoflurane,specparam flattened alpha (log10),-0.03502880887939116,-0.04176394330329733,-0.02829367445548499,2.1179384879964247e-24,1353
sevoflurane,background at alpha (dB),-0.06614566734223887,-0.18551627748399468,0.053224942799516936,0.27745437165896003,1353
sevoflurane,aperiodic exponent,-0.0330281169115477,-0.042655204085311704,-0.0234010297377837,1.7662779613540254e-11,1353
